Date,Sessions,Net Sales,Likes,Comments,Instagram Post?
2021-05-31,0.0,£0.00,0.0,0.0,No
2021-06-01,0.0,£0.00,0.0,0.0,No
2021-06-02,0.0,£0.00,0.0,0.0,No
2021-06-03,0.0,£0.00,0.0,0.0,No
2021-06-04,0.0,£0.00,0.0,0.0,No
2021-06-05,0.0,£0.00,465.0,25.0,Yes
2021-06-06,0.0,£0.00,0.0,0.0,No
2021-06-07,0.0,£0.00,0.0,0.0,No
2021-06-08,0.0,£0.00,0.0,0.0,No
2021-06-09,0.0,£0.00,0.0,0.0,No
2021-06-10,0.0,£0.00,250.0,26.0,Yes
2021-06-11,0.0,£0.00,0.0,0.0,No
2021-06-12,0.0,£0.00,376.0,26.0,Yes
2021-06-13,0.0,£0.00,0.0,0.0,No
2021-06-14,0.0,£0.00,0.0,0.0,No
2021-06-15,0.0,£0.00,0.0,0.0,No
2021-06-16,0.0,£0.00,0.0,0.0,No
2021-06-17,0.0,£0.00,279.0,33.0,Yes
2021-06-18,0.0,£0.00,0.0,0.0,No
2021-06-19,0.0,£0.00,0.0,0.0,No
2021-06-20,0.0,£0.00,0.0,0.0,No
2021-06-21,0.0,£0.00,0.0,0.0,No
2021-06-22,0.0,£0.00,0.0,0.0,No
2021-06-23,0.0,£0.00,0.0,0.0,No
2021-06-24,0.0,£0.00,0.0,0.0,No
2021-06-25,0.0,£0.00,0.0,0.0,No
2021-06-26,0.0,£0.00,0.0,0.0,No
2021-06-27,0.0,£0.00,0.0,0.0,No
2021-06-28,0.0,£0.00,0.0,0.0,No
2021-06-29,0.0,£56.00,0.0,0.0,No
2021-06-30,0.0,£0.00,0.0,0.0,No
2021-07-01,0.0,£0.00,0.0,0.0,No
2021-07-02,0.0,£0.00,0.0,0.0,No
2021-07-03,0.0,£0.00,104.0,3.0,Yes
2021-07-04,0.0,£0.00,0.0,0.0,No
2021-07-05,0.0,£0.00,0.0,0.0,No
2021-07-06,0.0,£0.00,0.0,0.0,No
2021-07-07,0.0,£0.00,0.0,0.0,No
2021-07-08,0.0,£0.00,0.0,0.0,No
2021-07-09,0.0,£0.00,0.0,0.0,No
2021-07-10,0.0,£0.00,0.0,0.0,No
2021-07-11,0.0,£0.00,201.0,10.0,Yes
2021-07-12,0.0,£213.00,0.0,0.0,No
2021-07-13,0.0,£0.00,0.0,0.0,No
2021-07-14,0.0,£0.00,0.0,0.0,No
2021-07-15,0.0,£0.00,0.0,0.0,No
2021-07-16,0.0,£0.00,0.0,0.0,No
2021-07-17,0.0,£0.00,310.0,27.0,Yes
2021-07-18,0.0,£0.00,0.0,0.0,No
2021-07-19,0.0,£0.00,0.0,0.0,No
2021-07-20,0.0,£0.00,0.0,0.0,No
2021-07-21,0.0,£0.00,0.0,0.0,No
2021-07-22,0.0,£0.00,0.0,0.0,No
2021-07-23,0.0,£0.00,0.0,0.0,No
2021-07-24,0.0,£0.00,0.0,0.0,No
2021-07-25,0.0,£0.00,166.0,9.0,Yes
2021-07-26,0.0,£0.00,0.0,0.0,No
2021-07-27,0.0,£0.00,0.0,0.0,No
2021-07-28,0.0,£0.00,0.0,0.0,No
2021-07-29,0.0,£0.00,0.0,0.0,No
2021-07-30,0.0,£0.00,0.0,0.0,No
2021-07-31,0.0,£0.00,0.0,0.0,No
2021-08-01,0.0,£0.00,0.0,0.0,No
2021-08-02,0.0,£75.00,283.0,14.0,Yes
2021-08-03,0.0,£0.00,0.0,0.0,No
2021-08-04,0.0,£0.00,0.0,0.0,No
2021-08-05,0.0,£0.00,107.0,5.0,Yes
2021-08-06,0.0,£0.00,0.0,0.0,No
2021-08-07,0.0,£0.00,69.0,5.0,Yes
2021-08-08,0.0,£0.00,107.0,7.0,Yes
2021-08-09,0.0,£0.00,181.0,12.0,Yes
2021-08-10,0.0,£0.00,0.0,0.0,No
2021-08-11,0.0,£0.00,134.0,3.0,Yes
2021-08-12,0.0,£0.00,262.0,19.0,Yes
2021-08-13,0.0,£0.00,0.0,0.0,No
2021-08-14,0.0,£0.00,162.0,8.0,Yes
2021-08-15,0.0,£0.00,0.0,0.0,No
2021-08-16,0.0,£0.00,0.0,0.0,No
2021-08-17,0.0,£0.00,0.0,0.0,No
2021-08-18,0.0,£0.00,0.0,0.0,No
2021-08-19,0.0,£0.00,0.0,0.0,No
2021-08-20,0.0,£0.00,0.0,0.0,No
2021-08-21,0.0,£0.00,0.0,0.0,No
2021-08-22,0.0,£0.00,194.0,13.0,Yes
2021-08-23,0.0,£0.00,0.0,0.0,No
2021-08-24,0.0,£0.00,0.0,0.0,No
2021-08-25,0.0,£185.00,0.0,0.0,No
2021-08-26,0.0,£0.00,86.0,0.0,Yes
2021-08-27,0.0,£0.00,0.0,0.0,No
2021-08-28,0.0,£0.00,0.0,0.0,No
2021-08-29,0.0,£0.00,0.0,0.0,No
2021-08-30,0.0,£0.00,0.0,0.0,No
2021-08-31,0.0,£0.00,0.0,0.0,No
2021-09-01,0.0,£0.00,0.0,0.0,No
2021-09-02,0.0,£0.00,0.0,0.0,No
2021-09-03,0.0,£0.00,0.0,0.0,No
2021-09-04,0.0,£0.00,0.0,0.0,No
2021-09-05,0.0,£0.00,0.0,0.0,No
2021-09-06,0.0,£0.00,0.0,0.0,No
2021-09-07,0.0,£0.00,0.0,0.0,No
2021-09-08,0.0,£0.00,0.0,0.0,No
2021-09-09,0.0,£0.00,0.0,0.0,No
2021-09-10,0.0,£0.00,0.0,0.0,No
2021-09-11,0.0,£0.00,0.0,0.0,No
2021-09-12,0.0,£0.00,159.0,5.0,Yes
2021-09-13,0.0,£0.00,0.0,0.0,No
2021-09-14,0.0,£0.00,0.0,0.0,No
2021-09-15,0.0,£0.00,0.0,0.0,No
2021-09-16,0.0,£60.00,0.0,0.0,No
2021-09-17,0.0,£56.00,238.0,13.0,Yes
2021-09-18,0.0,£0.00,0.0,0.0,No
2021-09-19,0.0,£0.00,0.0,0.0,No
2021-09-20,0.0,£0.00,65.0,0.0,Yes
2021-09-21,0.0,£0.00,0.0,0.0,No
2021-09-22,0.0,£0.00,0.0,0.0,No
2021-09-23,0.0,£0.00,0.0,0.0,No
2021-09-24,0.0,£0.00,0.0,0.0,No
2021-09-25,0.0,£0.00,160.0,5.0,Yes
2021-09-26,0.0,£272.00,0.0,0.0,No
2021-09-27,0.0,£0.00,0.0,0.0,No
2021-09-28,0.0,£0.00,0.0,0.0,No
2021-09-29,0.0,£0.00,0.0,0.0,No
2021-09-30,0.0,£0.00,0.0,0.0,No
2021-10-01,0.0,£0.00,0.0,0.0,No
2021-10-02,0.0,£144.00,277.0,570.0,Yes
2021-10-03,0.0,£0.00,0.0,0.0,No
2021-10-04,0.0,£0.00,0.0,0.0,No
2021-10-05,0.0,£0.00,75.0,9.0,Yes
2021-10-06,0.0,£0.00,0.0,0.0,No
2021-10-07,0.0,£218.00,107.0,11.0,Yes
2021-10-08,0.0,£0.00,0.0,0.0,No
2021-10-09,0.0,£0.00,0.0,0.0,No
2021-10-10,0.0,£0.00,0.0,0.0,No
2021-10-11,0.0,£0.00,0.0,0.0,No
2021-10-12,0.0,£0.00,0.0,0.0,No
2021-10-13,0.0,£0.00,0.0,0.0,No
2021-10-14,0.0,£0.00,0.0,0.0,No
2021-10-15,0.0,£0.00,0.0,0.0,No
2021-10-16,0.0,£0.00,0.0,0.0,No
2021-10-17,0.0,£0.00,85.0,2.0,Yes
2021-10-18,0.0,£0.00,0.0,0.0,No
2021-10-19,0.0,£0.00,0.0,0.0,No
2021-10-20,0.0,£0.00,0.0,0.0,No
2021-10-21,0.0,£0.00,0.0,0.0,No
2021-10-22,0.0,£0.00,78.0,4.0,Yes
2021-10-23,0.0,£0.00,0.0,0.0,No
2021-10-24,0.0,£0.00,119.0,1.0,Yes
2021-10-25,0.0,£0.00,0.0,0.0,No
2021-10-26,0.0,£0.00,0.0,0.0,No
2021-10-27,0.0,£0.00,0.0,0.0,No
2021-10-28,0.0,£0.00,0.0,0.0,No
2021-10-29,0.0,£0.00,70.0,6.0,Yes
2021-10-30,0.0,£0.00,0.0,0.0,No
2021-10-31,0.0,£0.00,0.0,0.0,No
2021-11-01,0.0,£0.00,0.0,0.0,No
2021-11-02,0.0,£0.00,0.0,0.0,No
2021-11-03,0.0,£0.00,0.0,0.0,No
2021-11-04,0.0,£0.00,0.0,0.0,No
2021-11-05,0.0,£0.00,0.0,0.0,No
2021-11-06,0.0,£0.00,0.0,0.0,No
2021-11-07,0.0,£0.00,104.0,8.0,Yes
2021-11-08,0.0,£0.00,0.0,0.0,No
2021-11-09,0.0,£0.00,0.0,0.0,No
2021-11-10,0.0,£0.00,0.0,0.0,No
2021-11-11,0.0,£0.00,106.0,9.0,Yes
2021-11-12,0.0,£0.00,0.0,0.0,No
2021-11-13,0.0,£0.00,0.0,0.0,No
2021-11-14,0.0,£0.00,0.0,0.0,No
2021-11-15,0.0,£0.00,0.0,0.0,No
2021-11-16,0.0,£0.00,258.0,11.0,Yes
2021-11-17,0.0,£0.00,0.0,0.0,No
2021-11-18,0.0,£0.00,0.0,0.0,No
2021-11-19,0.0,£0.00,0.0,0.0,No
2021-11-20,0.0,£0.00,0.0,0.0,No
2021-11-21,0.0,£0.00,0.0,0.0,No
2021-11-22,0.0,£0.00,52.0,0.0,Yes
2021-11-23,0.0,£50.00,0.0,0.0,No
2021-11-24,0.0,£0.00,0.0,0.0,No
2021-11-25,0.0,£0.00,325.0,20.0,Yes
2021-11-26,0.0,£54.00,0.0,0.0,No
2021-11-27,0.0,£0.00,461.0,11.0,Yes
2021-11-28,0.0,£0.00,0.0,0.0,No
2021-11-29,0.0,£412.00,0.0,0.0,No
2021-11-30,0.0,£79.00,0.0,0.0,No
2021-12-01,0.0,£0.00,0.0,0.0,No
2021-12-02,0.0,£0.00,0.0,0.0,No
2021-12-03,0.0,£159.00,0.0,0.0,No
2021-12-04,0.0,£0.00,80.0,1.0,Yes
2021-12-05,0.0,£18.00,91.0,6.0,Yes
2021-12-06,0.0,£0.00,0.0,0.0,No
2021-12-07,0.0,£22.00,0.0,0.0,No
2021-12-08,0.0,£0.00,0.0,0.0,No
2021-12-09,0.0,£0.00,0.0,0.0,No
2021-12-10,0.0,£0.00,0.0,0.0,No
2021-12-11,0.0,£0.00,0.0,0.0,No
2021-12-12,0.0,£25.00,123.0,5.0,Yes
2021-12-13,0.0,£0.00,0.0,0.0,No
2021-12-14,0.0,£0.00,101.0,2.0,Yes
2021-12-15,0.0,£0.00,0.0,0.0,No
2021-12-16,0.0,£48.00,0.0,0.0,No
2021-12-17,0.0,£0.00,0.0,0.0,No
2021-12-18,0.0,£0.00,147.0,7.0,Yes
2021-12-19,0.0,£0.00,0.0,0.0,No
2021-12-20,0.0,£0.00,0.0,0.0,No
2021-12-21,0.0,£0.00,0.0,0.0,No
2021-12-22,0.0,£0.00,0.0,0.0,No
2021-12-23,0.0,£0.00,0.0,0.0,No
2021-12-24,0.0,£0.00,313.0,9.0,Yes
2021-12-25,0.0,£0.00,0.0,0.0,No
2021-12-26,0.0,£0.00,0.0,0.0,No
2021-12-27,0.0,£90.00,0.0,0.0,No
2021-12-28,0.0,£0.00,0.0,0.0,No
2021-12-29,0.0,£0.00,0.0,0.0,No
2021-12-30,0.0,£0.00,0.0,0.0,No
2021-12-31,0.0,£0.00,0.0,0.0,No
2022-01-01,0.0,£34.00,0.0,0.0,No
2022-01-02,0.0,£0.00,0.0,0.0,No
2022-01-03,0.0,£0.00,0.0,0.0,No
2022-01-04,0.0,£0.00,0.0,0.0,No
2022-01-05,0.0,£0.00,0.0,0.0,No
2022-01-06,0.0,£0.00,0.0,0.0,No
2022-01-07,0.0,£0.00,0.0,0.0,No
2022-01-08,0.0,£0.00,0.0,0.0,No
2022-01-09,0.0,£0.00,0.0,0.0,No
2022-01-10,0.0,£0.00,0.0,0.0,No
2022-01-11,0.0,£0.00,0.0,0.0,No
2022-01-12,0.0,£0.00,0.0,0.0,No
2022-01-13,0.0,£0.00,0.0,0.0,No
2022-01-14,0.0,£0.00,0.0,0.0,No
2022-01-15,0.0,£0.00,0.0,0.0,No
2022-01-16,0.0,£0.00,0.0,0.0,No
2022-01-17,0.0,£0.00,0.0,0.0,No
2022-01-18,0.0,£0.00,0.0,0.0,No
2022-01-19,0.0,£96.00,0.0,0.0,No
2022-01-20,0.0,£0.00,0.0,0.0,No
2022-01-21,0.0,£0.00,0.0,0.0,No
2022-01-22,0.0,£0.00,0.0,0.0,No
2022-01-23,0.0,£68.00,0.0,0.0,No
2022-01-24,0.0,£0.00,0.0,0.0,No
2022-01-25,0.0,£0.00,0.0,0.0,No
2022-01-26,0.0,£176.00,0.0,0.0,No
2022-01-27,0.0,£0.00,240.0,9.0,Yes
2022-01-28,0.0,£0.00,0.0,0.0,No
2022-01-29,0.0,£0.00,0.0,0.0,No
2022-01-30,0.0,£0.00,0.0,0.0,No
2022-01-31,0.0,£0.00,0.0,0.0,No
2022-02-01,0.0,£0.00,241.0,10.0,Yes
2022-02-02,0.0,£0.00,0.0,0.0,No
2022-02-03,0.0,£0.00,0.0,0.0,No
2022-02-04,0.0,£0.00,0.0,0.0,No
2022-02-05,0.0,£0.00,0.0,0.0,No
2022-02-06,0.0,£0.00,0.0,0.0,No
2022-02-07,0.0,£0.00,0.0,0.0,No
2022-02-08,0.0,£0.00,0.0,0.0,No
2022-02-09,0.0,£0.00,0.0,0.0,No
2022-02-10,0.0,£0.00,0.0,0.0,No
2022-02-11,0.0,£90.00,0.0,0.0,No
2022-02-12,0.0,£0.00,147.0,8.0,Yes
2022-02-13,0.0,£0.00,0.0,0.0,No
2022-02-14,0.0,£0.00,0.0,0.0,No
2022-02-15,0.0,£0.00,0.0,0.0,No
2022-02-16,0.0,£0.00,0.0,0.0,No
2022-02-17,0.0,£0.00,0.0,0.0,No
2022-02-18,0.0,£0.00,0.0,0.0,No
2022-02-19,0.0,£0.00,0.0,0.0,No
2022-02-20,0.0,£0.00,0.0,0.0,No
2022-02-21,0.0,£0.00,0.0,0.0,No
2022-02-22,0.0,£0.00,0.0,0.0,No
2022-02-23,0.0,£0.00,0.0,0.0,No
2022-02-24,0.0,£0.00,0.0,0.0,No
2022-02-25,0.0,£0.00,0.0,0.0,No
2022-02-26,0.0,£0.00,0.0,0.0,No
2022-02-27,0.0,£0.00,0.0,0.0,No
2022-02-28,0.0,£0.00,0.0,0.0,No
2022-03-01,0.0,£0.00,0.0,0.0,No
2022-03-02,0.0,£0.00,0.0,0.0,No
2022-03-03,0.0,£0.00,0.0,0.0,No
2022-03-04,0.0,£0.00,0.0,0.0,No
2022-03-05,0.0,£0.00,0.0,0.0,No
2022-03-06,0.0,£0.00,0.0,0.0,No
2022-03-07,0.0,£0.00,0.0,0.0,No
2022-03-08,0.0,£0.00,0.0,0.0,No
2022-03-09,0.0,£0.00,0.0,0.0,No
2022-03-10,0.0,£0.00,0.0,0.0,No
2022-03-11,0.0,£0.00,0.0,0.0,No
2022-03-12,0.0,£128.00,0.0,0.0,No
2022-03-13,0.0,£0.00,0.0,0.0,No
2022-03-14,0.0,£0.00,0.0,0.0,No
2022-03-15,0.0,£0.00,275.0,15.0,Yes
2022-03-16,0.0,£0.00,0.0,0.0,No
2022-03-17,0.0,£0.00,347.0,30.0,Yes
2022-03-18,0.0,£0.00,0.0,0.0,No
2022-03-19,0.0,£0.00,0.0,0.0,No
2022-03-20,0.0,£0.00,691.0,40.0,Yes
2022-03-21,0.0,£0.00,205.0,3.0,Yes
2022-03-22,0.0,£0.00,126.0,3.0,Yes
2022-03-23,0.0,£0.00,172.0,3.0,Yes
2022-03-24,0.0,£0.00,0.0,0.0,No
2022-03-25,0.0,£0.00,0.0,0.0,No
2022-03-26,0.0,£0.00,0.0,0.0,No
2022-03-27,0.0,£0.00,0.0,0.0,No
2022-03-28,0.0,£0.00,0.0,0.0,No
2022-03-29,0.0,£0.00,0.0,0.0,No
2022-03-30,0.0,£-90.00,0.0,0.0,No
2022-03-31,0.0,£52.00,0.0,0.0,No
2022-04-01,0.0,£0.00,0.0,0.0,No
2022-04-02,0.0,£180.00,0.0,0.0,No
2022-04-03,0.0,£0.00,0.0,0.0,No
2022-04-04,0.0,£0.00,0.0,0.0,No
2022-04-05,0.0,£0.00,0.0,0.0,No
2022-04-06,0.0,£0.00,0.0,0.0,No
2022-04-07,0.0,£0.00,0.0,0.0,No
2022-04-08,0.0,£90.00,0.0,0.0,No
2022-04-09,0.0,£0.00,0.0,0.0,No
2022-04-10,0.0,£0.00,0.0,0.0,No
2022-04-11,0.0,£0.00,234.0,7.0,Yes
2022-04-12,0.0,£38.00,0.0,0.0,No
2022-04-13,0.0,£0.00,488.0,23.0,Yes
2022-04-14,0.0,£0.00,0.0,0.0,No
2022-04-15,0.0,£0.00,0.0,0.0,No
2022-04-16,0.0,£0.00,0.0,0.0,No
2022-04-17,0.0,£0.00,0.0,0.0,No
2022-04-18,0.0,£0.00,0.0,0.0,No
2022-04-19,0.0,£0.00,0.0,0.0,No
2022-04-20,0.0,£0.00,0.0,0.0,No
2022-04-21,0.0,£0.00,0.0,0.0,No
2022-04-22,0.0,£0.00,0.0,0.0,No
2022-04-23,0.0,£0.00,85.0,2.0,Yes
2022-04-24,0.0,£0.00,0.0,0.0,No
2022-04-25,0.0,£0.00,0.0,0.0,No
2022-04-26,0.0,£0.00,0.0,0.0,No
2022-04-27,0.0,£0.00,0.0,0.0,No
2022-04-28,0.0,£0.00,0.0,0.0,No
2022-04-29,0.0,£0.00,0.0,0.0,No
2022-04-30,0.0,£0.00,0.0,0.0,No
2022-05-01,0.0,£0.00,0.0,0.0,No
2022-05-02,0.0,£0.00,0.0,0.0,No
2022-05-03,0.0,£0.00,0.0,0.0,No
2022-05-04,0.0,£0.00,0.0,0.0,No
2022-05-05,0.0,£0.00,0.0,0.0,No
2022-05-06,0.0,£0.00,0.0,0.0,No
2022-05-07,0.0,£0.00,0.0,0.0,No
2022-05-08,0.0,£0.00,723.0,22.0,Yes
2022-05-09,0.0,£0.00,0.0,0.0,No
2022-05-10,0.0,£0.00,0.0,0.0,No
2022-05-11,0.0,£0.00,0.0,0.0,No
2022-05-12,0.0,£28.00,0.0,0.0,No
2022-05-13,0.0,£0.00,0.0,0.0,No
2022-05-14,0.0,£0.00,0.0,0.0,No
2022-05-15,0.0,£0.00,0.0,0.0,No
2022-05-16,0.0,£0.00,0.0,0.0,No
2022-05-17,0.0,£0.00,0.0,0.0,No
2022-05-18,0.0,£0.00,0.0,0.0,No
2022-05-19,0.0,£0.00,0.0,0.0,No
2022-05-20,0.0,£0.00,0.0,0.0,No
2022-05-21,0.0,£0.00,0.0,0.0,No
2022-05-22,0.0,£0.00,0.0,0.0,No
2022-05-23,0.0,£0.00,0.0,0.0,No
2022-05-24,0.0,£0.00,0.0,0.0,No
2022-05-25,0.0,£0.00,0.0,0.0,No
2022-05-26,0.0,£0.00,0.0,0.0,No
2022-05-27,0.0,£0.00,0.0,0.0,No
2022-05-28,0.0,£0.00,0.0,0.0,No
2022-05-29,0.0,£0.00,0.0,0.0,No
2022-05-30,0.0,£0.00,466.0,10.0,Yes
2022-05-31,0.0,£0.00,251.0,11.0,Yes
2022-06-01,0.0,£0.00,0.0,0.0,No
2022-06-02,0.0,£0.00,0.0,0.0,No
2022-06-03,0.0,£0.00,0.0,0.0,No
2022-06-04,0.0,£0.00,0.0,0.0,No
2022-06-05,0.0,£0.00,0.0,0.0,No
2022-06-06,0.0,£0.00,0.0,0.0,No
2022-06-07,0.0,£0.00,0.0,0.0,No
2022-06-08,0.0,£0.00,0.0,0.0,No
2022-06-09,0.0,£0.00,0.0,0.0,No
2022-06-10,0.0,£0.00,0.0,0.0,No
2022-06-11,0.0,£0.00,0.0,0.0,No
2022-06-12,0.0,£0.00,0.0,0.0,No
2022-06-13,0.0,£0.00,0.0,0.0,No
2022-06-14,0.0,£0.00,0.0,0.0,No
2022-06-15,0.0,£68.00,0.0,0.0,No
2022-06-16,0.0,£0.00,0.0,0.0,No
2022-06-17,0.0,£0.00,0.0,0.0,No
2022-06-18,0.0,£0.00,0.0,0.0,No
2022-06-19,0.0,£0.00,0.0,0.0,No
2022-06-20,0.0,£0.00,0.0,0.0,No
2022-06-21,0.0,£0.00,0.0,0.0,No
2022-06-22,0.0,£0.00,0.0,0.0,No
2022-06-23,0.0,£0.00,0.0,0.0,No
2022-06-24,0.0,£0.00,119.0,9.0,Yes
2022-06-25,0.0,£0.00,0.0,0.0,No
2022-06-26,0.0,£0.00,558.0,10.0,Yes
2022-06-27,0.0,£0.00,0.0,0.0,No
2022-06-28,0.0,£0.00,0.0,0.0,No
2022-06-29,0.0,£0.00,0.0,0.0,No
2022-06-30,0.0,£0.00,0.0,0.0,No
2022-07-01,0.0,£0.00,80.0,3.0,Yes
2022-07-02,0.0,£0.00,202.0,3.0,Yes
2022-07-03,0.0,£0.00,0.0,0.0,No
2022-07-04,0.0,£0.00,0.0,0.0,No
2022-07-05,0.0,£0.00,0.0,0.0,No
2022-07-06,0.0,£0.00,0.0,0.0,No
2022-07-07,0.0,£0.00,0.0,0.0,No
2022-07-08,0.0,£0.00,0.0,0.0,No
2022-07-09,0.0,£0.00,0.0,0.0,No
2022-07-10,0.0,£0.00,322.0,18.0,Yes
2022-07-11,0.0,£0.00,0.0,0.0,No
2022-07-12,0.0,£0.00,0.0,0.0,No
2022-07-13,0.0,£128.00,0.0,0.0,No
2022-07-14,0.0,£0.00,0.0,0.0,No
2022-07-15,0.0,£0.00,0.0,0.0,No
2022-07-16,0.0,£0.00,0.0,0.0,No
2022-07-17,0.0,£0.00,0.0,0.0,No
2022-07-18,0.0,£0.00,0.0,0.0,No
2022-07-19,0.0,£0.00,0.0,0.0,No
2022-07-20,0.0,£0.00,0.0,0.0,No
2022-07-21,0.0,£0.00,0.0,0.0,No
2022-07-22,0.0,£0.00,0.0,0.0,No
2022-07-23,0.0,£0.00,743.0,24.0,Yes
2022-07-24,0.0,£0.00,0.0,0.0,No
2022-07-25,0.0,£0.00,0.0,0.0,No
2022-07-26,0.0,£0.00,0.0,0.0,No
2022-07-27,0.0,£0.00,0.0,0.0,No
2022-07-28,0.0,£0.00,0.0,0.0,No
2022-07-29,0.0,£0.00,0.0,0.0,No
2022-07-30,0.0,£0.00,0.0,0.0,No
2022-07-31,0.0,£0.00,0.0,0.0,No
2022-08-01,0.0,£50.00,0.0,0.0,No
2022-08-02,0.0,£0.00,0.0,0.0,No
2022-08-03,0.0,£0.00,0.0,0.0,No
2022-08-04,0.0,£0.00,0.0,0.0,No
2022-08-05,0.0,£0.00,0.0,0.0,No
2022-08-06,0.0,£0.00,0.0,0.0,No
2022-08-07,0.0,£0.00,323.0,18.0,Yes
2022-08-08,0.0,£0.00,0.0,0.0,No
2022-08-09,0.0,£112.00,0.0,0.0,No
2022-08-10,0.0,£0.00,0.0,0.0,No
2022-08-11,0.0,£0.00,0.0,0.0,No
2022-08-12,0.0,£0.00,0.0,0.0,No
2022-08-13,0.0,£0.00,0.0,0.0,No
2022-08-14,0.0,£0.00,254.0,15.0,Yes
2022-08-15,0.0,£0.00,0.0,0.0,No
2022-08-16,0.0,£0.00,0.0,0.0,No
2022-08-17,0.0,£0.00,67.0,2.0,Yes
2022-08-18,0.0,£0.00,0.0,0.0,No
2022-08-19,0.0,£0.00,0.0,0.0,No
2022-08-20,0.0,£0.00,0.0,0.0,No
2022-08-21,0.0,£0.00,0.0,0.0,No
2022-08-22,0.0,£0.00,428.0,34.0,Yes
2022-08-23,0.0,£0.00,0.0,0.0,No
2022-08-24,0.0,£0.00,0.0,0.0,No
2022-08-25,0.0,£0.00,0.0,0.0,No
2022-08-26,0.0,£0.00,0.0,0.0,No
2022-08-27,0.0,£0.00,0.0,0.0,No
2022-08-28,0.0,£0.00,0.0,0.0,No
2022-08-29,0.0,£0.00,0.0,0.0,No
2022-08-30,0.0,£0.00,0.0,0.0,No
2022-08-31,0.0,£0.00,0.0,0.0,No
2022-09-01,0.0,£0.00,0.0,0.0,No
2022-09-02,0.0,£0.00,0.0,0.0,No
2022-09-03,0.0,£0.00,0.0,0.0,No
2022-09-04,0.0,£0.00,0.0,0.0,No
2022-09-05,0.0,£0.00,0.0,0.0,No
2022-09-06,0.0,£0.00,0.0,0.0,No
2022-09-07,0.0,£0.00,0.0,0.0,No
2022-09-08,0.0,£0.00,0.0,0.0,No
2022-09-09,0.0,£0.00,0.0,0.0,No
2022-09-10,0.0,£0.00,0.0,0.0,No
2022-09-11,0.0,£0.00,31.0,2.0,Yes
2022-09-12,0.0,£0.00,0.0,0.0,No
2022-09-13,0.0,£0.00,0.0,0.0,No
2022-09-14,0.0,£32.00,0.0,0.0,No
2022-09-15,0.0,£0.00,0.0,0.0,No
2022-09-16,0.0,£0.00,0.0,0.0,No
2022-09-17,0.0,£0.00,0.0,0.0,No
2022-09-18,0.0,£0.00,0.0,0.0,No
2022-09-19,0.0,£0.00,0.0,0.0,No
2022-09-20,0.0,£0.00,0.0,0.0,No
2022-09-21,0.0,£0.00,101.0,5.0,Yes
2022-09-22,0.0,£0.00,0.0,0.0,No
2022-09-23,0.0,£0.00,0.0,0.0,No
2022-09-24,0.0,£0.00,0.0,0.0,No
2022-09-25,0.0,£0.00,0.0,0.0,No
2022-09-26,0.0,£0.00,0.0,0.0,No
2022-09-27,0.0,£0.00,0.0,0.0,No
2022-09-28,0.0,£0.00,0.0,0.0,No
2022-09-29,0.0,£0.00,0.0,0.0,No
2022-09-30,0.0,£0.00,0.0,0.0,No
2022-10-01,6.0,£0.00,0.0,0.0,No
2022-10-02,7.0,£0.00,0.0,0.0,No
2022-10-03,1.0,£0.00,0.0,0.0,No
2022-10-04,52.0,£0.00,0.0,0.0,No
2022-10-05,8.0,£0.00,0.0,0.0,No
2022-10-06,14.0,£0.00,0.0,0.0,No
2022-10-07,8.0,£0.00,0.0,0.0,No
2022-10-08,9.0,£0.00,360.0,14.0,Yes
2022-10-09,27.0,£0.00,0.0,0.0,No
2022-10-10,43.0,£0.00,0.0,0.0,No
2022-10-11,32.0,£0.00,0.0,0.0,No
2022-10-12,27.0,£0.00,0.0,0.0,No
2022-10-13,16.0,£0.00,0.0,0.0,No
2022-10-14,4.0,£0.00,0.0,0.0,No
2022-10-15,11.0,£0.00,0.0,0.0,No
2022-10-16,116.0,£0.00,235.0,15.0,Yes
2022-10-17,37.0,£0.00,0.0,0.0,No
2022-10-18,23.0,£0.00,0.0,0.0,No
2022-10-19,8.0,£0.00,0.0,0.0,No
2022-10-20,8.0,£0.00,0.0,0.0,No
2022-10-21,7.0,£0.00,0.0,0.0,No
2022-10-22,5.0,£0.00,0.0,0.0,No
2022-10-23,21.0,£0.00,285.0,8.0,Yes
2022-10-24,52.0,£120.00,0.0,0.0,No
2022-10-25,68.0,£0.00,0.0,0.0,No
2022-10-26,6.0,£0.00,0.0,0.0,No
2022-10-27,9.0,£0.00,0.0,0.0,No
2022-10-28,13.0,£0.00,0.0,0.0,No
2022-10-29,8.0,£0.00,0.0,0.0,No
2022-10-30,6.0,£0.00,0.0,0.0,No
2022-10-31,7.0,£0.00,0.0,0.0,No
2022-11-01,8.0,£0.00,0.0,0.0,No
2022-11-02,6.0,£0.00,0.0,0.0,No
2022-11-03,10.0,£0.00,0.0,0.0,No
2022-11-04,10.0,£0.00,0.0,0.0,No
2022-11-05,10.0,£0.00,0.0,0.0,No
2022-11-06,17.0,£516.00,0.0,0.0,No
2022-11-07,12.0,£0.00,0.0,0.0,No
2022-11-08,24.0,£0.00,0.0,0.0,No
2022-11-09,26.0,£0.00,0.0,0.0,No
2022-11-10,6.0,£0.00,0.0,0.0,No
2022-11-11,16.0,£0.00,0.0,0.0,No
2022-11-12,11.0,£34.00,0.0,0.0,No
2022-11-13,11.0,£0.00,77.0,0.0,Yes
2022-11-14,25.0,£0.00,0.0,0.0,No
2022-11-15,38.0,£0.00,0.0,0.0,No
2022-11-16,8.0,£0.00,0.0,0.0,No
2022-11-17,9.0,£0.00,0.0,0.0,No
2022-11-18,10.0,£248.00,0.0,0.0,No
2022-11-19,10.0,£0.00,0.0,0.0,No
2022-11-20,63.0,£0.00,0.0,0.0,No
2022-11-21,56.0,£0.00,0.0,0.0,No
2022-11-22,8.0,£0.00,0.0,0.0,No
2022-11-23,20.0,£0.00,0.0,0.0,No
2022-11-24,50.0,£120.00,0.0,0.0,No
2022-11-25,38.0,£0.00,0.0,0.0,No
2022-11-26,82.0,£22.00,210.0,10.0,Yes
2022-11-27,142.0,£0.00,628.0,17.0,Yes
2022-11-28,61.0,£0.00,649.0,48.0,Yes
2022-11-29,56.0,£0.00,0.0,0.0,No
2022-11-30,61.0,£-32.00,0.0,0.0,No
2022-12-01,41.0,£0.00,0.0,0.0,No
2022-12-02,55.0,£0.00,0.0,0.0,No
2022-12-03,16.0,£0.00,0.0,0.0,No
2022-12-04,10.0,£0.00,0.0,0.0,No
2022-12-05,13.0,£0.00,0.0,0.0,No
2022-12-06,18.0,£140.00,138.0,6.0,Yes
2022-12-07,72.0,£95.00,576.0,15.0,Yes
2022-12-08,78.0,£0.00,0.0,0.0,No
2022-12-09,12.0,£68.00,0.0,0.0,No
2022-12-10,13.0,£0.00,0.0,0.0,No
2022-12-11,22.0,£0.00,126.0,9.0,Yes
2022-12-12,34.0,£0.00,0.0,0.0,No
2022-12-13,28.0,£0.00,0.0,0.0,No
2022-12-14,5.0,£0.00,0.0,0.0,No
2022-12-15,10.0,£75.00,0.0,0.0,No
2022-12-16,25.0,£0.00,102.0,2.0,Yes
2022-12-17,37.0,£26.00,0.0,0.0,No
2022-12-18,48.0,£22.00,0.0,0.0,No
2022-12-19,34.0,£16.00,0.0,0.0,No
2022-12-20,46.0,£165.00,0.0,0.0,No
2022-12-21,46.0,£0.00,519.0,23.0,Yes
2022-12-22,14.0,£0.00,0.0,0.0,No
2022-12-23,14.0,£0.00,0.0,0.0,No
2022-12-24,13.0,£22.00,0.0,0.0,No
2022-12-25,9.0,£0.00,118.0,0.0,Yes
2022-12-26,72.0,£0.00,0.0,0.0,No
2022-12-27,100.0,£0.00,0.0,0.0,No
2022-12-28,16.0,£0.00,0.0,0.0,No
2022-12-29,46.0,£0.00,241.0,11.0,Yes
2022-12-30,34.0,£0.00,0.0,0.0,No
2022-12-31,55.0,£0.00,0.0,0.0,No
2023-01-01,126.0,£27.20,0.0,0.0,No
2023-01-02,46.0,£0.00,0.0,0.0,No
2023-01-03,13.0,£210.00,0.0,0.0,No
2023-01-04,5.0,£272.00,0.0,0.0,No
2023-01-05,12.0,£58.00,0.0,0.0,No
2023-01-06,15.0,£0.00,0.0,0.0,No
2023-01-07,15.0,£0.00,0.0,0.0,No
2023-01-08,10.0,£0.00,0.0,0.0,No
2023-01-09,7.0,£0.00,0.0,0.0,No
2023-01-10,7.0,£0.00,0.0,0.0,No
2023-01-11,13.0,£0.00,0.0,0.0,No
2023-01-12,14.0,£89.00,0.0,0.0,No
2023-01-13,7.0,£0.00,0.0,0.0,No
2023-01-14,8.0,£0.00,0.0,0.0,No
2023-01-15,15.0,£0.00,0.0,0.0,No
2023-01-16,8.0,£0.00,0.0,0.0,No
2023-01-17,62.0,£0.00,0.0,0.0,No
2023-01-18,61.0,£0.00,0.0,0.0,No
2023-01-19,8.0,£0.00,0.0,0.0,No
2023-01-20,13.0,£0.00,0.0,0.0,No
2023-01-21,17.0,£0.00,0.0,0.0,No
2023-01-22,3.0,£0.00,0.0,0.0,No
2023-01-23,15.0,£0.00,0.0,0.0,No
2023-01-24,3.0,£0.00,0.0,0.0,No
2023-01-25,17.0,£0.00,0.0,0.0,No
2023-01-26,31.0,£0.00,0.0,0.0,No
2023-01-27,30.0,£0.00,0.0,0.0,No
2023-01-28,21.0,£0.00,0.0,0.0,No
2023-01-29,16.0,£0.00,0.0,0.0,No
2023-01-30,5.0,£0.00,0.0,0.0,No
2023-01-31,7.0,£0.00,0.0,0.0,No
2023-02-01,4.0,£0.00,0.0,0.0,No
2023-02-02,6.0,£0.00,0.0,0.0,No
2023-02-03,9.0,£0.00,0.0,0.0,No
2023-02-04,6.0,£0.00,0.0,0.0,No
2023-02-05,2.0,£0.00,0.0,0.0,No
2023-02-06,7.0,£1128.00,0.0,0.0,No
2023-02-07,6.0,£0.00,0.0,0.0,No
2023-02-08,12.0,£0.00,0.0,0.0,No
2023-02-09,13.0,£0.00,231.0,4.0,Yes
2023-02-10,46.0,£0.00,0.0,0.0,No
2023-02-11,35.0,£0.00,0.0,0.0,No
2023-02-12,15.0,£0.00,175.0,5.0,Yes
2023-02-13,20.0,£0.00,0.0,0.0,No
2023-02-14,10.0,£0.00,0.0,0.0,No
2023-02-15,15.0,£0.00,0.0,0.0,No
2023-02-16,11.0,£0.00,0.0,0.0,No
2023-02-17,8.0,£0.00,0.0,0.0,No
2023-02-18,5.0,£0.00,0.0,0.0,No
2023-02-19,13.0,£0.00,0.0,0.0,No
2023-02-20,6.0,£0.00,0.0,0.0,No
2023-02-21,4.0,£0.00,0.0,0.0,No
2023-02-22,11.0,£0.00,0.0,0.0,No
2023-02-23,18.0,£0.00,0.0,0.0,No
2023-02-24,16.0,£0.00,0.0,0.0,No
2023-02-25,52.0,£0.00,0.0,0.0,No
2023-02-26,28.0,£0.00,0.0,0.0,No
2023-02-27,48.0,£32.00,0.0,0.0,No
2023-02-28,78.0,£0.00,0.0,0.0,No
2023-03-01,15.0,£-8.00,0.0,0.0,No
2023-03-02,22.0,£0.00,597.0,27.0,Yes
2023-03-03,46.0,£0.00,0.0,0.0,No
2023-03-04,44.0,£0.00,0.0,0.0,No
2023-03-05,49.0,£60.00,0.0,0.0,No
2023-03-06,11.0,£0.00,0.0,0.0,No
2023-03-07,6.0,£0.00,0.0,0.0,No
2023-03-08,10.0,£0.00,0.0,0.0,No
2023-03-09,90.0,£0.00,0.0,0.0,No
2023-03-10,131.0,£0.00,0.0,0.0,No
2023-03-11,48.0,£0.00,140.0,11.0,Yes
2023-03-12,65.0,£0.00,0.0,0.0,No
2023-03-13,37.0,£0.00,0.0,0.0,No
2023-03-14,10.0,£0.00,0.0,0.0,No
2023-03-15,11.0,£0.00,0.0,0.0,No
2023-03-16,52.0,£0.00,45.0,2.0,Yes
2023-03-17,118.0,£0.00,149.0,4.0,Yes
2023-03-18,43.0,£0.00,0.0,0.0,No
2023-03-19,58.0,£0.00,99.0,2.0,Yes
2023-03-20,69.0,£0.00,0.0,0.0,No
2023-03-21,21.0,£0.00,0.0,0.0,No
2023-03-22,8.0,£0.00,0.0,0.0,No
2023-03-23,7.0,£0.00,0.0,0.0,No
2023-03-24,29.0,£0.00,0.0,0.0,No
2023-03-25,50.0,£0.00,0.0,0.0,No
2023-03-26,52.0,£0.00,0.0,0.0,No
2023-03-27,45.0,£0.00,0.0,0.0,No
2023-03-28,13.0,£0.00,43.0,2.0,Yes
2023-03-29,12.0,£0.00,0.0,0.0,No
2023-03-30,7.0,£0.00,0.0,0.0,No
2023-03-31,10.0,£0.00,0.0,0.0,No
2023-04-01,2.0,£0.00,0.0,0.0,No
2023-04-02,7.0,£0.00,0.0,0.0,No
2023-04-03,8.0,£0.00,0.0,0.0,No
2023-04-04,12.0,£0.00,0.0,0.0,No
2023-04-05,14.0,£464.00,0.0,0.0,No
2023-04-06,14.0,£0.00,338.0,4.0,Yes
2023-04-07,38.0,£0.00,0.0,0.0,No
2023-04-08,33.0,£0.00,0.0,0.0,No
2023-04-09,36.0,£0.00,0.0,0.0,No
2023-04-10,45.0,£34.00,0.0,0.0,No
2023-04-11,44.0,£0.00,0.0,0.0,No
2023-04-12,30.0,£0.00,0.0,0.0,No
2023-04-13,15.0,£34.00,0.0,0.0,No
2023-04-14,11.0,£0.00,0.0,0.0,No
2023-04-15,18.0,£0.00,67.0,1.0,Yes
2023-04-16,32.0,£0.00,0.0,0.0,No
2023-04-17,33.0,£242.00,0.0,0.0,No
2023-04-18,22.0,£70.00,0.0,0.0,No
2023-04-19,7.0,£0.00,0.0,0.0,No
2023-04-20,13.0,£0.00,0.0,0.0,No
2023-04-21,7.0,£0.00,0.0,0.0,No
2023-04-22,25.0,£0.00,0.0,0.0,No
2023-04-23,61.0,£35.00,0.0,0.0,No
2023-04-24,27.0,£0.00,0.0,0.0,No
2023-04-25,14.0,£0.00,0.0,0.0,No
2023-04-26,4.0,£0.00,0.0,0.0,No
2023-04-27,8.0,£0.00,0.0,0.0,No
2023-04-28,29.0,£0.00,56.0,6.0,Yes
2023-04-29,28.0,£0.00,0.0,0.0,No
2023-04-30,33.0,£0.00,0.0,0.0,No
2023-05-01,22.0,£0.00,0.0,0.0,No
2023-05-02,19.0,£0.00,0.0,0.0,No
2023-05-03,22.0,£0.00,0.0,0.0,No
2023-05-04,12.0,£0.00,0.0,0.0,No
2023-05-05,19.0,£0.00,0.0,0.0,No
2023-05-06,10.0,£0.00,0.0,0.0,No
2023-05-07,8.0,£0.00,0.0,0.0,No
2023-05-08,14.0,£0.00,3.0,0.0,Yes
2023-05-09,18.0,£0.00,0.0,0.0,No
2023-05-10,23.0,£0.00,0.0,0.0,No
2023-05-11,12.0,£0.00,0.0,0.0,No
2023-05-12,12.0,£0.00,0.0,0.0,No
2023-05-13,5.0,£0.00,303.0,6.0,Yes
2023-05-14,7.0,£0.00,0.0,0.0,No
2023-05-15,11.0,£0.00,0.0,0.0,No
2023-05-16,21.0,£0.00,107.0,3.0,Yes
2023-05-17,33.0,£0.00,0.0,0.0,No
2023-05-18,17.0,£0.00,0.0,0.0,No
2023-05-19,14.0,£0.00,0.0,0.0,No
2023-05-20,4.0,£0.00,0.0,0.0,No
2023-05-21,36.0,£0.00,0.0,0.0,No
2023-05-22,32.0,£0.00,0.0,0.0,No
2023-05-23,11.0,£0.00,0.0,0.0,No
2023-05-24,23.0,£0.00,0.0,0.0,No
2023-05-25,14.0,£0.00,0.0,0.0,No
2023-05-26,22.0,£0.00,0.0,0.0,No
2023-05-27,7.0,£0.00,0.0,0.0,No
2023-05-28,8.0,£80.00,0.0,0.0,No
2023-05-29,10.0,£0.00,0.0,0.0,No
2023-05-30,5.0,£0.00,0.0,0.0,No
2023-05-31,4.0,£0.00,0.0,0.0,No
2023-06-01,4.0,£0.00,0.0,0.0,No
2023-06-02,5.0,£0.00,0.0,0.0,No
2023-06-03,15.0,£0.00,0.0,0.0,No
2023-06-04,9.0,£0.00,0.0,0.0,No
2023-06-05,8.0,£0.00,0.0,0.0,No
2023-06-06,24.0,£0.00,76.0,5.0,Yes
2023-06-07,30.0,£0.00,0.0,0.0,No
2023-06-08,10.0,£0.00,0.0,0.0,No
2023-06-09,4.0,£0.00,0.0,0.0,No
2023-06-10,8.0,£0.00,3.0,4.0,Yes
2023-06-11,9.0,£352.00,0.0,0.0,No
2023-06-12,10.0,£0.00,0.0,0.0,No
2023-06-13,9.0,£0.00,0.0,0.0,No
2023-06-14,6.0,£0.00,0.0,0.0,No
2023-06-15,5.0,£0.00,0.0,0.0,No
2023-06-16,26.0,£0.00,0.0,0.0,No
2023-06-17,19.0,£0.00,0.0,0.0,No
2023-06-18,14.0,£0.00,0.0,0.0,No
2023-06-19,8.0,£0.00,0.0,0.0,No
2023-06-20,23.0,£112.00,0.0,0.0,No
2023-06-21,18.0,£0.00,0.0,0.0,No
2023-06-22,14.0,£0.00,0.0,0.0,No
2023-06-23,15.0,£0.00,0.0,0.0,No
2023-06-24,20.0,£0.00,0.0,0.0,No
2023-06-25,13.0,£0.00,0.0,0.0,No
2023-06-26,7.0,£0.00,0.0,0.0,No
2023-06-27,5.0,£0.00,0.0,0.0,No
2023-06-28,6.0,£0.00,0.0,0.0,No
2023-06-29,8.0,£0.00,0.0,0.0,No
2023-06-30,5.0,£0.00,0.0,0.0,No
2023-07-01,8.0,£0.00,0.0,0.0,No
2023-07-02,8.0,£0.00,0.0,0.0,No
2023-07-03,9.0,£0.00,0.0,0.0,No
2023-07-04,9.0,£0.00,0.0,0.0,No
2023-07-05,27.0,£0.00,0.0,0.0,No
2023-07-06,22.0,£0.00,0.0,0.0,No
2023-07-07,22.0,£0.00,0.0,0.0,No
2023-07-08,3.0,£0.00,0.0,0.0,No
2023-07-09,5.0,£0.00,0.0,0.0,No
2023-07-10,6.0,£0.00,0.0,0.0,No
2023-07-11,3.0,£0.00,0.0,0.0,No
2023-07-12,4.0,£0.00,0.0,0.0,No
2023-07-13,10.0,£0.00,0.0,0.0,No
2023-07-14,7.0,£0.00,0.0,0.0,No
2023-07-15,8.0,£0.00,0.0,0.0,No
2023-07-16,6.0,£0.00,0.0,0.0,No
2023-07-17,7.0,£0.00,0.0,0.0,No
2023-07-18,4.0,£0.00,0.0,0.0,No
2023-07-19,8.0,£0.00,0.0,0.0,No
2023-07-20,10.0,£142.00,0.0,0.0,No
2023-07-21,6.0,£0.00,0.0,0.0,No
2023-07-22,26.0,£0.00,0.0,0.0,No
2023-07-23,44.0,£0.00,0.0,0.0,No
2023-07-24,49.0,£0.00,0.0,0.0,No
2023-07-25,61.0,£0.00,0.0,0.0,No
2023-07-26,33.0,£0.00,0.0,0.0,No
2023-07-27,34.0,£0.00,64.0,5.0,Yes
2023-07-28,39.0,£0.00,0.0,0.0,No
2023-07-29,65.0,£0.00,0.0,0.0,No
2023-07-30,18.0,£0.00,0.0,0.0,No
2023-07-31,19.0,£95.00,0.0,0.0,No
2023-08-01,30.0,£0.00,0.0,0.0,No
2023-08-02,10.0,£0.00,0.0,0.0,No
2023-08-03,26.0,£0.00,0.0,0.0,No
2023-08-04,15.0,£0.00,0.0,0.0,No
2023-08-05,14.0,£0.00,0.0,0.0,No
2023-08-06,23.0,£28.00,0.0,0.0,No
2023-08-07,31.0,£0.00,0.0,0.0,No
2023-08-08,59.0,£0.00,0.0,0.0,No
2023-08-09,42.0,£0.00,0.0,0.0,No
2023-08-10,39.0,£0.00,0.0,0.0,No
2023-08-11,33.0,£2.00,0.0,0.0,No
2023-08-12,29.0,£0.00,0.0,0.0,No
2023-08-13,22.0,£0.00,0.0,0.0,No
2023-08-14,19.0,£0.00,0.0,0.0,No
2023-08-15,32.0,£0.00,0.0,0.0,No
2023-08-16,17.0,£0.00,0.0,0.0,No
2023-08-17,35.0,£0.00,0.0,0.0,No
2023-08-18,23.0,£0.00,0.0,0.0,No
2023-08-19,21.0,£0.00,0.0,0.0,No
2023-08-20,24.0,£0.00,0.0,0.0,No
2023-08-21,28.0,£0.00,0.0,0.0,No
2023-08-22,43.0,£24.00,0.0,0.0,No
2023-08-23,64.0,£0.00,0.0,0.0,No
2023-08-24,37.0,£0.00,0.0,0.0,No
2023-08-25,26.0,£0.00,0.0,0.0,No
2023-08-26,29.0,£0.00,0.0,0.0,No
2023-08-27,37.0,£-24.00,0.0,0.0,No
2023-08-28,38.0,£0.00,0.0,0.0,No
2023-08-29,30.0,£0.00,0.0,0.0,No
2023-08-30,25.0,£0.00,0.0,0.0,No
2023-08-31,23.0,£0.00,0.0,0.0,No
2023-09-01,55.0,£0.00,0.0,0.0,No
2023-09-02,69.0,£0.00,0.0,0.0,No
2023-09-03,68.0,£0.00,0.0,0.0,No
2023-09-04,38.0,£0.00,0.0,0.0,No
2023-09-05,14.0,£0.00,0.0,0.0,No
2023-09-06,23.0,£0.00,0.0,0.0,No
2023-09-07,16.0,£0.00,0.0,0.0,No
2023-09-08,12.0,£0.00,0.0,0.0,No
2023-09-09,22.0,£0.00,0.0,0.0,No
2023-09-10,25.0,£0.00,0.0,0.0,No
2023-09-11,13.0,£0.00,0.0,0.0,No
2023-09-12,10.0,£0.00,0.0,0.0,No
2023-09-13,26.0,£0.00,0.0,0.0,No
2023-09-14,26.0,£0.00,0.0,0.0,No
2023-09-15,23.0,£0.00,0.0,0.0,No
2023-09-16,8.0,£0.00,0.0,0.0,No
2023-09-17,20.0,£136.00,0.0,0.0,No
2023-09-18,9.0,£-136.00,0.0,0.0,No
2023-09-19,18.0,£0.00,0.0,0.0,No
2023-09-20,12.0,£0.00,0.0,0.0,No
2023-09-21,14.0,£0.00,0.0,0.0,No
2023-09-22,21.0,£0.00,0.0,0.0,No
2023-09-23,16.0,£0.00,0.0,0.0,No
2023-09-24,14.0,£0.00,0.0,0.0,No
2023-09-25,8.0,£0.00,0.0,0.0,No
2023-09-26,21.0,£0.00,0.0,0.0,No
2023-09-27,9.0,£0.00,0.0,0.0,No
2023-09-28,16.0,£0.00,0.0,0.0,No
2023-09-29,7.0,£0.00,0.0,0.0,No
2023-09-30,7.0,£0.00,0.0,0.0,No
2023-10-01,8.0,£0.00,0.0,0.0,No
2023-10-02,11.0,£0.00,0.0,0.0,No
2023-10-03,9.0,£0.00,0.0,0.0,No
2023-10-04,15.0,£0.00,625.0,24.0,Yes
2023-10-05,20.0,£0.00,0.0,0.0,No
2023-10-06,7.0,£0.00,0.0,0.0,No
2023-10-07,31.0,£0.00,0.0,0.0,No
2023-10-08,63.0,£0.00,0.0,0.0,No
2023-10-09,20.0,£0.00,0.0,0.0,No
2023-10-10,15.0,£0.00,0.0,0.0,No
2023-10-11,10.0,£0.00,0.0,0.0,No
2023-10-12,4.0,£0.00,0.0,0.0,No
2023-10-13,8.0,£0.00,0.0,0.0,No
2023-10-14,12.0,£0.00,0.0,0.0,No
2023-10-15,14.0,£0.00,0.0,0.0,No
2023-10-16,14.0,£0.00,0.0,0.0,No
2023-10-17,17.0,£0.00,0.0,0.0,No
2023-10-18,20.0,£0.00,0.0,0.0,No
2023-10-19,18.0,£0.00,0.0,0.0,No
2023-10-20,11.0,£0.00,0.0,0.0,No
2023-10-21,12.0,£0.00,0.0,0.0,No
2023-10-22,10.0,£0.00,0.0,0.0,No
2023-10-23,16.0,£0.00,0.0,0.0,No
2023-10-24,9.0,£0.00,0.0,0.0,No
2023-10-25,19.0,£0.00,119.0,0.0,Yes
2023-10-26,31.0,£0.00,148.0,1.0,Yes
2023-10-27,17.0,£0.00,0.0,0.0,No
2023-10-28,7.0,£0.00,0.0,0.0,No
2023-10-29,14.0,£0.00,0.0,0.0,No
2023-10-30,14.0,£0.00,0.0,0.0,No
2023-10-31,9.0,£0.00,0.0,0.0,No
2023-11-01,13.0,£0.00,0.0,0.0,No
2023-11-02,17.0,£0.00,0.0,0.0,No
2023-11-03,25.0,£0.00,0.0,0.0,No
2023-11-04,22.0,£0.00,0.0,0.0,No
2023-11-05,29.0,£0.00,0.0,0.0,No
2023-11-06,24.0,£35.00,0.0,0.0,No
2023-11-07,16.0,£0.00,0.0,0.0,No
2023-11-08,15.0,£112.00,0.0,0.0,No
2023-11-09,20.0,£0.00,0.0,0.0,No
2023-11-10,20.0,£0.00,0.0,0.0,No
2023-11-11,37.0,£0.00,0.0,0.0,No
2023-11-12,50.0,£0.00,0.0,0.0,No
2023-11-13,40.0,£-112.00,0.0,0.0,No
2023-11-14,20.0,£0.00,0.0,0.0,No
2023-11-15,12.0,£0.00,0.0,0.0,No
2023-11-16,29.0,£0.00,0.0,0.0,No
2023-11-17,23.0,£0.00,0.0,0.0,No
2023-11-18,14.0,£0.00,0.0,0.0,No
2023-11-19,22.0,£0.00,0.0,0.0,No
2023-11-20,19.0,£0.00,0.0,0.0,No
2023-11-21,15.0,£0.00,0.0,0.0,No
2023-11-22,18.0,£0.00,0.0,0.0,No
2023-11-23,56.0,£0.00,0.0,0.0,No
2023-11-24,46.0,£0.00,261.0,15.0,Yes
2023-11-25,68.0,£0.00,20123.0,336.0,Yes
2023-11-26,57.0,£0.00,105.0,2.0,Yes
2023-11-27,63.0,£95.00,0.0,0.0,No
2023-11-28,87.0,£342.00,0.0,0.0,No
2023-11-29,125.0,£0.00,3062.0,42.0,Yes
2023-11-30,89.0,£0.00,144.0,6.0,Yes
2023-12-01,110.0,£0.00,0.0,0.0,No
2023-12-02,85.0,£22.00,69.0,4.0,Yes
2023-12-03,78.0,£0.00,85.0,3.0,Yes
2023-12-04,111.0,£301.00,6461.0,79.0,Yes
2023-12-05,119.0,£0.00,0.0,0.0,No
2023-12-06,158.0,£0.00,124.0,2.0,Yes
2023-12-07,162.0,£80.00,100.0,1.0,Yes
2023-12-08,129.0,£0.00,0.0,0.0,No
2023-12-09,153.0,£0.00,3.0,1.0,Yes
2023-12-10,159.0,£0.00,0.0,0.0,No
2023-12-11,101.0,£0.00,0.0,0.0,No
2023-12-12,90.0,£120.00,0.0,0.0,No
2023-12-13,72.0,£0.00,264.0,9.0,Yes
2023-12-14,76.0,£0.00,0.0,0.0,No
2023-12-15,43.0,£0.00,0.0,0.0,No
2023-12-16,70.0,£44.00,0.0,0.0,No
2023-12-17,72.0,£0.00,0.0,0.0,No
2023-12-18,57.0,£157.20,0.0,0.0,No
2023-12-19,71.0,£0.00,0.0,0.0,No
2023-12-20,54.0,£0.00,0.0,0.0,No
2023-12-21,45.0,£0.00,0.0,0.0,No
2023-12-22,30.0,£0.00,0.0,0.0,No
2023-12-23,21.0,£0.00,0.0,0.0,No
2023-12-24,30.0,£0.00,0.0,0.0,No
2023-12-25,29.0,£108.00,0.0,0.0,No
2023-12-26,53.0,£0.00,0.0,0.0,No
2023-12-27,49.0,£0.00,0.0,0.0,No
2023-12-28,49.0,£0.00,0.0,0.0,No
2023-12-29,40.0,£0.00,0.0,0.0,No
2023-12-30,24.0,£0.00,0.0,0.0,No
2023-12-31,24.0,£122.40,0.0,0.0,No
2024-01-01,16.0,£0.00,0.0,0.0,No
2024-01-02,25.0,£0.00,0.0,0.0,No
2024-01-03,31.0,£0.00,0.0,0.0,No
2024-01-04,22.0,£0.00,0.0,0.0,No
2024-01-05,37.0,£0.00,0.0,0.0,No
2024-01-06,33.0,£32.00,0.0,0.0,No
2024-01-07,27.0,£0.00,0.0,0.0,No
2024-01-08,20.0,£0.00,0.0,0.0,No
2024-01-09,24.0,£0.00,0.0,0.0,No
2024-01-10,29.0,£164.00,0.0,0.0,No
2024-01-11,24.0,£0.00,0.0,0.0,No
2024-01-12,17.0,£0.00,0.0,0.0,No
2024-01-13,13.0,£0.00,0.0,0.0,No
2024-01-14,19.0,£0.00,0.0,0.0,No
2024-01-15,26.0,£0.00,0.0,0.0,No
2024-01-16,33.0,£0.00,0.0,0.0,No
2024-01-17,24.0,£0.00,0.0,0.0,No
2024-01-18,9.0,£0.00,0.0,0.0,No
2024-01-19,21.0,£0.00,0.0,0.0,No
2024-01-20,21.0,£0.00,0.0,0.0,No
2024-01-21,14.0,£0.00,0.0,0.0,No
2024-01-22,22.0,£0.00,0.0,0.0,No
2024-01-23,11.0,£0.00,0.0,0.0,No
2024-01-24,11.0,£0.00,0.0,0.0,No
2024-01-25,14.0,£0.00,0.0,0.0,No
2024-01-26,20.0,£0.00,0.0,0.0,No
2024-01-27,12.0,£60.00,0.0,0.0,No
2024-01-28,16.0,£0.00,0.0,0.0,No
2024-01-29,22.0,£0.00,0.0,0.0,No
2024-01-30,17.0,£0.00,0.0,0.0,No
2024-01-31,20.0,£0.00,0.0,0.0,No
2024-02-01,17.0,£0.00,0.0,0.0,No
2024-02-02,14.0,£0.00,0.0,0.0,No
2024-02-03,25.0,£0.00,53.0,1.0,Yes
2024-02-04,17.0,£0.00,0.0,0.0,No
2024-02-05,35.0,£0.00,3.0,0.0,Yes
2024-02-06,17.0,£0.00,151.0,8.0,Yes
2024-02-07,26.0,£0.00,0.0,0.0,No
2024-02-08,33.0,£0.00,0.0,0.0,No
2024-02-09,48.0,£280.00,43.0,0.0,Yes
2024-02-10,17.0,£0.00,0.0,0.0,No
2024-02-11,34.0,£0.00,254.0,4.0,Yes
2024-02-12,21.0,£0.00,3.0,1.0,Yes
2024-02-13,27.0,£28.00,0.0,0.0,No
2024-02-14,38.0,£100.80,3.0,1.0,Yes
2024-02-15,68.0,£0.00,0.0,0.0,No
2024-02-16,47.0,£28.00,0.0,0.0,No
2024-02-17,17.0,£0.00,0.0,0.0,No
2024-02-18,20.0,£0.00,0.0,0.0,No
2024-02-19,20.0,£0.00,0.0,0.0,No
2024-02-20,16.0,£0.00,0.0,0.0,No
2024-02-21,14.0,£0.00,0.0,0.0,No
2024-02-22,52.0,£0.00,0.0,0.0,No
2024-02-23,7.0,£0.00,0.0,0.0,No
2024-02-24,11.0,£0.00,0.0,0.0,No
2024-02-25,32.0,£0.00,0.0,0.0,No
2024-02-26,16.0,£0.00,0.0,0.0,No
2024-02-27,16.0,£0.00,0.0,0.0,No
2024-02-28,17.0,£0.00,0.0,0.0,No
2024-02-29,9.0,£0.00,0.0,0.0,No
2024-03-01,14.0,£0.00,88.0,2.0,Yes
2024-03-02,15.0,£32.00,0.0,0.0,No
2024-03-03,21.0,£0.00,0.0,0.0,No
2024-03-04,19.0,£0.00,0.0,0.0,No
2024-03-05,18.0,£0.00,0.0,0.0,No
2024-03-06,14.0,£0.00,3.0,0.0,Yes
2024-03-07,14.0,£0.00,0.0,0.0,No
2024-03-08,22.0,£0.00,0.0,0.0,No
2024-03-09,9.0,£0.00,0.0,0.0,No
2024-03-10,16.0,£0.00,141.0,2.0,Yes
2024-03-11,17.0,£0.00,0.0,0.0,No
2024-03-12,19.0,£0.00,0.0,0.0,No
2024-03-13,34.0,£0.00,0.0,0.0,No
2024-03-14,46.0,£0.00,0.0,0.0,No
2024-03-15,38.0,£0.00,0.0,0.0,No
2024-03-16,4.0,£0.00,0.0,0.0,No
2024-03-17,9.0,£0.00,0.0,0.0,No
2024-03-18,9.0,£0.00,0.0,0.0,No
2024-03-19,15.0,£0.00,0.0,0.0,No
2024-03-20,18.0,£0.00,0.0,0.0,No
2024-03-21,24.0,£0.00,0.0,0.0,No
2024-03-22,34.0,£0.00,0.0,0.0,No
2024-03-23,8.0,£0.00,0.0,0.0,No
2024-03-24,15.0,£0.00,3.0,4.0,Yes
2024-03-25,16.0,£0.00,0.0,0.0,No
2024-03-26,12.0,£0.00,0.0,0.0,No
2024-03-27,23.0,£72.00,0.0,0.0,No
2024-03-28,7.0,£0.00,0.0,0.0,No
2024-03-29,39.0,£0.00,0.0,0.0,No
2024-03-30,11.0,£0.00,0.0,0.0,No
2024-03-31,11.0,£0.00,0.0,0.0,No
2024-04-01,24.0,£0.00,0.0,0.0,No
2024-04-02,13.0,£0.00,0.0,0.0,No
2024-04-03,10.0,£0.00,0.0,0.0,No
2024-04-04,11.0,£0.00,0.0,0.0,No
2024-04-05,13.0,£0.00,0.0,0.0,No
2024-04-06,5.0,£0.00,0.0,0.0,No
2024-04-07,6.0,£0.00,0.0,0.0,No
2024-04-08,10.0,£0.00,0.0,0.0,No
2024-04-09,13.0,£0.00,0.0,0.0,No
2024-04-10,15.0,£0.00,0.0,0.0,No
2024-04-11,6.0,£0.00,0.0,0.0,No
2024-04-12,10.0,£0.00,0.0,0.0,No
2024-04-13,9.0,£0.00,0.0,0.0,No
2024-04-14,16.0,£0.00,0.0,0.0,No
2024-04-15,7.0,£0.00,0.0,0.0,No
2024-04-16,7.0,£0.00,0.0,0.0,No
2024-04-17,12.0,£0.00,0.0,0.0,No
2024-04-18,7.0,£0.00,0.0,0.0,No
2024-04-19,8.0,£0.00,0.0,0.0,No
2024-04-20,11.0,£0.00,0.0,0.0,No
2024-04-21,14.0,£0.00,0.0,0.0,No
2024-04-22,9.0,£0.00,0.0,0.0,No
2024-04-23,16.0,£0.00,0.0,0.0,No
2024-04-24,50.0,£80.58,0.0,0.0,No
2024-04-25,11.0,£0.00,0.0,0.0,No
2024-04-26,38.0,£0.00,0.0,0.0,No
2024-04-27,14.0,£0.00,0.0,0.0,No
2024-04-28,18.0,£0.00,0.0,0.0,No
2024-04-29,16.0,£0.00,0.0,0.0,No
2024-04-30,11.0,£0.00,0.0,0.0,No
2024-05-01,13.0,£0.00,0.0,0.0,No
2024-05-02,9.0,£0.00,0.0,0.0,No
2024-05-03,11.0,£0.00,0.0,0.0,No
2024-05-04,9.0,£0.00,0.0,0.0,No
2024-05-05,11.0,£171.36,0.0,0.0,No
2024-05-06,8.0,£0.00,0.0,0.0,No
2024-05-07,6.0,£0.00,0.0,0.0,No
2024-05-08,8.0,£159.12,0.0,0.0,No
2024-05-09,15.0,£84.00,0.0,0.0,No
2024-05-10,9.0,£0.00,0.0,0.0,No
2024-05-11,11.0,£0.00,0.0,0.0,No
2024-05-12,2.0,£0.00,0.0,0.0,No
2024-05-13,12.0,£0.00,0.0,0.0,No
2024-05-14,18.0,£0.00,0.0,0.0,No
2024-05-15,10.0,£0.00,0.0,0.0,No
2024-05-16,12.0,£0.00,0.0,0.0,No
2024-05-17,13.0,£0.00,0.0,0.0,No
2024-05-18,20.0,£0.00,0.0,0.0,No
2024-05-19,14.0,£0.00,0.0,0.0,No
2024-05-20,10.0,£0.00,0.0,0.0,No
2024-05-21,20.0,£0.00,0.0,0.0,No
2024-05-22,43.0,£0.00,0.0,0.0,No
2024-05-23,12.0,£0.00,0.0,0.0,No
2024-05-24,24.0,£0.00,0.0,0.0,No
2024-05-25,11.0,£0.00,0.0,0.0,No
2024-05-26,9.0,£0.00,0.0,0.0,No
2024-05-27,14.0,£0.00,0.0,0.0,No
2024-05-28,7.0,£0.00,0.0,0.0,No
2024-05-29,13.0,£0.00,0.0,0.0,No
2024-05-30,20.0,£0.00,0.0,0.0,No
2024-05-31,6.0,£0.00,0.0,0.0,No
2024-06-01,12.0,£0.00,0.0,0.0,No
2024-06-02,13.0,£0.00,0.0,0.0,No
2024-06-03,33.0,£0.00,71.0,0.0,Yes
2024-06-04,15.0,£0.00,0.0,0.0,No
2024-06-05,18.0,£210.00,0.0,0.0,No
2024-06-06,19.0,£0.00,3.0,1.0,Yes
2024-06-07,19.0,£0.00,0.0,0.0,No
2024-06-08,13.0,£0.00,0.0,0.0,No
2024-06-09,14.0,£0.00,0.0,0.0,No
2024-06-10,25.0,£0.00,0.0,0.0,No
2024-06-11,30.0,£0.00,0.0,0.0,No
2024-06-12,19.0,£0.00,0.0,0.0,No
2024-06-13,12.0,£64.00,0.0,0.0,No
2024-06-14,8.0,£0.00,0.0,0.0,No
2024-06-15,8.0,£0.00,0.0,0.0,No
2024-06-16,5.0,£438.60,0.0,0.0,No
2024-06-17,9.0,£0.00,0.0,0.0,No
2024-06-18,11.0,£0.00,0.0,0.0,No
2024-06-19,12.0,£0.00,0.0,0.0,No
2024-06-20,15.0,£0.00,0.0,0.0,No
2024-06-21,20.0,£0.00,3.0,1.0,Yes
2024-06-22,11.0,£0.00,0.0,0.0,No
2024-06-23,9.0,£0.00,0.0,0.0,No
2024-06-24,11.0,£0.00,0.0,0.0,No
2024-06-25,17.0,£0.00,91.0,2.0,Yes
2024-06-26,77.0,£0.00,0.0,0.0,No
2024-06-27,39.0,£0.00,0.0,0.0,No
2024-06-28,46.0,£0.00,0.0,0.0,No
2024-06-29,32.0,£0.00,0.0,0.0,No
2024-06-30,15.0,£0.00,0.0,0.0,No
2024-07-01,14.0,£192.00,0.0,0.0,No
2024-07-02,12.0,£0.00,0.0,0.0,No
2024-07-03,19.0,£0.00,0.0,0.0,No
2024-07-04,12.0,£0.00,0.0,0.0,No
2024-07-05,12.0,£0.00,0.0,0.0,No
2024-07-06,30.0,£0.00,141.0,6.0,Yes
2024-07-07,11.0,£0.00,78.0,5.0,Yes
2024-07-08,20.0,£0.00,3.0,1.0,Yes
2024-07-09,7.0,£0.00,0.0,0.0,No
2024-07-10,14.0,£0.00,0.0,0.0,No
2024-07-11,17.0,£0.00,348.0,30.0,Yes
2024-07-12,16.0,£0.00,0.0,0.0,No
2024-07-13,27.0,£0.00,0.0,0.0,No
2024-07-14,27.0,£0.00,0.0,0.0,No
2024-07-15,63.0,£70.00,0.0,0.0,No
2024-07-16,470.0,£0.00,0.0,0.0,No
2024-07-17,856.0,£0.00,0.0,0.0,No
2024-07-18,531.0,£0.00,0.0,0.0,No
2024-07-19,60.0,£0.00,0.0,0.0,No
2024-07-20,32.0,£0.00,0.0,0.0,No
2024-07-21,53.0,£0.00,0.0,0.0,No
2024-07-22,21.0,£62.00,0.0,0.0,No
2024-07-23,19.0,£0.00,0.0,0.0,No
2024-07-24,21.0,£0.00,0.0,0.0,No
2024-07-25,9.0,£0.00,0.0,0.0,No
2024-07-26,12.0,£0.00,0.0,0.0,No
2024-07-27,19.0,£393.00,0.0,0.0,No
2024-07-28,14.0,£40.00,0.0,0.0,No
2024-07-29,17.0,£24.00,0.0,0.0,No
2024-07-30,100.0,£0.00,0.0,0.0,No
2024-07-31,3318.0,£68.00,0.0,0.0,No
2024-08-01,152.0,£107.00,0.0,0.0,No
2024-08-02,251.0,£0.00,0.0,0.0,No
2024-08-03,456.0,£0.00,3.0,1.0,Yes
2024-08-04,690.0,£0.00,0.0,0.0,No
2024-08-05,23.0,£90.00,0.0,0.0,No
2024-08-06,41.0,£34.00,0.0,0.0,No
2024-08-07,69.0,£0.00,0.0,0.0,No
2024-08-08,78.0,£0.00,0.0,0.0,No
2024-08-09,58.0,£0.00,0.0,0.0,No
2024-08-10,48.0,£36.00,0.0,0.0,No
2024-08-11,80.0,£0.00,0.0,0.0,No
2024-08-12,86.0,£0.00,0.0,0.0,No
2024-08-13,61.0,£0.00,0.0,0.0,No
2024-08-14,34.0,£0.00,0.0,0.0,No
2024-08-15,21.0,£0.00,3.0,2.0,Yes
2024-08-16,20.0,£0.00,0.0,0.0,No
2024-08-17,22.0,£-75.00,0.0,0.0,No
2024-08-18,31.0,£0.00,0.0,0.0,No
2024-08-19,34.0,£0.00,0.0,0.0,No
2024-08-20,28.0,£0.00,0.0,0.0,No
2024-08-21,27.0,£0.00,0.0,0.0,No
2024-08-22,28.0,£0.00,0.0,0.0,No
2024-08-23,22.0,£0.00,0.0,0.0,No
2024-08-24,31.0,£0.00,0.0,0.0,No
2024-08-25,27.0,£0.00,0.0,0.0,No
2024-08-26,37.0,£0.00,0.0,0.0,No
2024-08-27,56.0,£0.00,3.0,3.0,Yes
2024-08-28,69.0,£0.00,0.0,0.0,No
2024-08-29,27.0,£0.00,0.0,0.0,No
2024-08-30,40.0,£140.00,0.0,0.0,No
2024-08-31,22.0,£0.00,0.0,0.0,No
2024-09-01,26.0,£134.00,0.0,0.0,No
2024-09-02,22.0,£0.00,0.0,0.0,No
2024-09-03,54.0,£114.19,0.0,0.0,No
2024-09-04,51.0,£0.00,0.0,0.0,No
2024-09-05,75.0,£0.00,0.0,0.0,No
2024-09-06,53.0,£0.00,0.0,0.0,No
2024-09-07,57.0,£0.00,0.0,0.0,No
2024-09-08,17.0,£0.00,0.0,0.0,No
2024-09-09,48.0,£0.00,0.0,0.0,No
2024-09-10,140.0,£0.00,0.0,0.0,No
2024-09-11,37.0,£0.00,0.0,0.0,No
2024-09-12,32.0,£0.00,0.0,0.0,No
2024-09-13,37.0,£0.00,0.0,0.0,No
2024-09-14,44.0,£0.00,0.0,0.0,No
2024-09-15,34.0,£0.00,0.0,0.0,No
2024-09-16,32.0,£0.00,0.0,0.0,No
2024-09-17,38.0,£0.00,0.0,0.0,No
2024-09-18,30.0,£254.00,0.0,0.0,No
2024-09-19,23.0,£0.00,0.0,0.0,No
2024-09-20,18.0,£0.00,0.0,0.0,No
2024-09-21,42.0,£0.00,0.0,0.0,No
2024-09-22,33.0,£0.00,0.0,0.0,No
2024-09-23,64.0,£0.00,0.0,0.0,No
2024-09-24,31.0,£0.00,0.0,0.0,No
2024-09-25,41.0,£0.00,0.0,0.0,No
2024-09-26,41.0,£0.00,0.0,0.0,No
2024-09-27,53.0,£0.00,0.0,0.0,No
2024-09-28,19.0,£0.00,0.0,0.0,No
2024-09-29,15.0,£0.00,0.0,0.0,No
2024-09-30,29.0,£0.00,0.0,0.0,No
2024-10-01,38.0,£56.00,35.0,4.0,Yes
2024-10-02,42.0,£0.00,0.0,0.0,No
2024-10-03,29.0,£0.00,0.0,0.0,No
2024-10-04,19.0,£0.00,0.0,0.0,No
2024-10-05,40.0,£60.00,0.0,0.0,No
2024-10-06,36.0,£0.00,0.0,0.0,No
2024-10-07,27.0,£0.00,0.0,0.0,No
2024-10-08,12.0,£0.00,0.0,0.0,No
2024-10-09,19.0,£0.00,0.0,0.0,No
2024-10-10,22.0,£0.00,0.0,0.0,No
2024-10-11,24.0,£0.00,0.0,0.0,No
2024-10-12,17.0,£0.00,0.0,0.0,No
2024-10-13,20.0,£0.00,0.0,0.0,No
2024-10-14,18.0,£0.00,0.0,0.0,No
2024-10-15,32.0,£56.00,0.0,0.0,No
2024-10-16,30.0,£0.00,0.0,0.0,No
2024-10-17,47.0,£0.00,0.0,0.0,No
2024-10-18,29.0,£180.00,0.0,0.0,No
2024-10-19,58.0,£24.00,0.0,0.0,No
2024-10-20,41.0,£0.00,0.0,0.0,No
2024-10-21,30.0,£0.00,0.0,0.0,No
2024-10-22,35.0,£0.00,0.0,0.0,No
2024-10-23,33.0,£16.00,0.0,0.0,No
2024-10-24,36.0,£0.00,0.0,0.0,No
2024-10-25,39.0,£0.00,0.0,0.0,No
2024-10-26,42.0,£0.00,0.0,0.0,No
2024-10-27,35.0,£0.00,0.0,0.0,No
2024-10-28,33.0,£0.00,0.0,0.0,No
2024-10-29,33.0,£76.00,0.0,0.0,No
2024-10-30,53.0,£0.00,35.0,4.0,Yes
2024-10-31,51.0,£144.00,0.0,0.0,No
2024-11-01,37.0,£0.00,0.0,0.0,No
2024-11-02,48.0,£0.00,0.0,0.0,No
2024-11-03,42.0,£0.00,0.0,0.0,No
2024-11-04,62.0,£144.84,0.0,0.0,No
2024-11-05,37.0,£0.00,0.0,0.0,No
2024-11-06,37.0,£22.00,0.0,0.0,No
2024-11-07,33.0,£0.00,0.0,0.0,No
2024-11-08,28.0,£0.00,0.0,0.0,No
2024-11-09,49.0,£28.00,0.0,0.0,No
2024-11-10,47.0,£0.00,0.0,0.0,No
2024-11-11,37.0,£0.00,0.0,0.0,No
2024-11-12,40.0,£11.00,0.0,0.0,No
2024-11-13,23.0,£0.00,0.0,0.0,No
2024-11-14,49.0,£0.00,0.0,0.0,No
2024-11-15,42.0,£64.00,0.0,0.0,No
2024-11-16,68.0,£0.00,0.0,0.0,No
2024-11-17,38.0,£11.00,0.0,0.0,No
2024-11-18,56.0,£109.97,0.0,0.0,No
2024-11-19,62.0,£0.00,0.0,0.0,No
2024-11-20,51.0,£0.00,104.0,0.0,Yes
2024-11-21,73.0,£124.00,0.0,0.0,No
2024-11-22,50.0,£0.00,0.0,0.0,No
2024-11-23,55.0,£115.00,0.0,0.0,No
2024-11-24,65.0,£0.00,24.0,0.0,Yes
2024-11-25,75.0,£0.00,0.0,0.0,No
2024-11-26,58.0,£142.00,0.0,0.0,No
2024-11-27,76.0,£97.00,0.0,0.0,No
2024-11-28,49.0,£0.00,0.0,0.0,No
2024-11-29,43.0,£0.00,0.0,0.0,No
2024-11-30,49.0,£62.00,0.0,0.0,No
2024-12-01,58.0,£42.00,3.0,4.0,Yes
2024-12-02,55.0,£0.00,0.0,0.0,No
2024-12-03,63.0,£0.00,0.0,0.0,No
2024-12-04,66.0,£158.00,0.0,0.0,No
2024-12-05,48.0,£0.00,0.0,0.0,No
2024-12-06,58.0,£26.00,0.0,0.0,No
2024-12-07,57.0,£108.64,0.0,0.0,No
2024-12-08,86.0,£136.00,0.0,0.0,No
2024-12-09,77.0,£374.96,0.0,0.0,No
2024-12-10,61.0,£0.00,0.0,0.0,No
2024-12-11,46.0,£0.00,3.0,2.0,Yes
2024-12-12,46.0,£60.00,0.0,0.0,No
2024-12-13,46.0,£0.00,0.0,0.0,No
2024-12-14,35.0,£112.00,0.0,0.0,No
2024-12-15,41.0,£32.00,0.0,0.0,No
2024-12-16,48.0,£0.00,0.0,0.0,No
2024-12-17,22.0,£0.00,0.0,0.0,No
2024-12-18,16.0,£0.00,0.0,0.0,No
2024-12-19,28.0,£56.84,0.0,0.0,No
2024-12-20,23.0,£0.00,0.0,0.0,No
2024-12-21,26.0,£0.00,0.0,0.0,No
2024-12-22,7.0,£40.00,3.0,0.0,Yes
2024-12-23,15.0,£0.00,0.0,0.0,No
2024-12-24,11.0,£0.00,0.0,0.0,No
2024-12-25,14.0,£0.00,0.0,0.0,No
2024-12-26,58.0,£0.00,0.0,0.0,No
2024-12-27,36.0,£0.00,0.0,0.0,No
2024-12-28,33.0,£0.00,0.0,0.0,No
2024-12-29,52.0,£0.00,0.0,0.0,No
2024-12-30,63.0,£0.00,0.0,0.0,No
2024-12-31,31.0,£0.00,0.0,0.0,No
2025-01-01,68.0,£110.00,0.0,0.0,No
2025-01-02,63.0,£285.00,0.0,0.0,No
2025-01-03,71.0,£62.00,0.0,0.0,No
2025-01-04,91.0,£64.00,0.0,0.0,No
2025-01-05,103.0,£0.00,0.0,0.0,No
2025-01-06,95.0,£0.00,0.0,0.0,No
2025-01-07,60.0,£0.00,0.0,0.0,No
2025-01-08,42.0,£0.00,0.0,0.0,No
2025-01-09,47.0,£0.00,0.0,0.0,No
2025-01-10,40.0,£0.00,0.0,0.0,No
2025-01-11,36.0,£0.00,0.0,0.0,No
2025-01-12,29.0,£0.00,0.0,0.0,No
2025-01-13,23.0,£-68.07,0.0,0.0,No
2025-01-14,12.0,£284.00,0.0,0.0,No
2025-01-15,22.0,£0.00,0.0,0.0,No
2025-01-16,19.0,£48.00,0.0,0.0,No
2025-01-17,22.0,£0.00,0.0,0.0,No
2025-01-18,23.0,£49.00,0.0,0.0,No
2025-01-19,25.0,£0.00,0.0,0.0,No
2025-01-20,18.0,£0.00,0.0,0.0,No
2025-01-21,23.0,£0.00,0.0,0.0,No
2025-01-22,15.0,£28.00,0.0,0.0,No
2025-01-23,26.0,£0.00,0.0,0.0,No
2025-01-24,12.0,£340.00,0.0,0.0,No
2025-01-25,24.0,£0.00,0.0,0.0,No
2025-01-26,23.0,£0.00,0.0,0.0,No
2025-01-27,21.0,£0.00,0.0,0.0,No
2025-01-28,10.0,£28.00,0.0,0.0,No
2025-01-29,14.0,£0.00,0.0,0.0,No
2025-01-30,45.0,£0.00,0.0,0.0,No
2025-01-31,15.0,£0.00,0.0,0.0,No
2025-02-01,20.0,£0.00,0.0,0.0,No
2025-02-02,24.0,£0.00,0.0,0.0,No
2025-02-03,15.0,£135.78,0.0,0.0,No
2025-02-04,18.0,£0.00,0.0,0.0,No
2025-02-05,10.0,£0.00,0.0,0.0,No
2025-02-06,12.0,£0.00,0.0,0.0,No
2025-02-07,10.0,£0.00,0.0,0.0,No
2025-02-08,12.0,£0.00,0.0,0.0,No
2025-02-09,17.0,£0.00,0.0,0.0,No
2025-02-10,19.0,£0.00,0.0,0.0,No
2025-02-11,17.0,£0.00,0.0,0.0,No
2025-02-12,13.0,£0.00,0.0,0.0,No
2025-02-13,15.0,£0.00,0.0,0.0,No
2025-02-14,21.0,£0.00,0.0,0.0,No
2025-02-15,22.0,£0.00,0.0,0.0,No
2025-02-16,18.0,£0.00,0.0,0.0,No
2025-02-17,23.0,£0.00,0.0,0.0,No
2025-02-18,2878.0,£0.00,0.0,0.0,No
2025-02-19,23.0,£0.00,0.0,0.0,No
2025-02-20,22.0,£73.44,0.0,0.0,No
2025-02-21,12.0,£0.00,0.0,0.0,No
2025-02-22,39.0,£0.00,0.0,0.0,No
2025-02-23,37.0,£0.00,0.0,0.0,No
2025-02-24,29.0,£0.00,0.0,0.0,No
2025-02-25,25.0,£0.00,0.0,0.0,No
2025-02-26,14.0,£0.00,0.0,0.0,No
2025-02-27,19.0,£0.00,0.0,0.0,No
2025-02-28,27.0,£0.00,0.0,0.0,No
2025-03-01,41.0,£0.00,57.0,8.0,Yes
2025-03-02,26.0,£0.00,0.0,0.0,No
2025-03-03,18.0,£0.00,0.0,0.0,No
2025-03-04,23.0,£40.00,0.0,0.0,No
2025-03-05,25.0,£0.00,0.0,0.0,No
2025-03-06,28.0,£0.00,0.0,0.0,No
2025-03-07,53.0,£0.00,0.0,0.0,No
2025-03-08,24.0,£0.00,0.0,0.0,No
2025-03-09,41.0,£0.00,0.0,0.0,No
2025-03-10,52.0,£0.00,0.0,0.0,No
2025-03-11,43.0,£0.00,0.0,0.0,No
2025-03-12,57.0,£396.44,3.0,3.0,Yes
2025-03-13,70.0,£38.00,0.0,0.0,No
2025-03-14,80.0,£0.00,0.0,0.0,No
2025-03-15,118.0,£0.00,0.0,0.0,No
2025-03-16,87.0,£16.00,3.0,1.0,Yes
2025-03-17,89.0,£0.00,0.0,0.0,No
2025-03-18,84.0,£0.00,0.0,0.0,No
2025-03-19,78.0,£25.00,0.0,0.0,No
2025-03-20,91.0,£132.00,0.0,0.0,No
2025-03-21,83.0,£25.00,0.0,0.0,No
2025-03-22,95.0,£0.00,0.0,0.0,No
2025-03-23,120.0,£307.36,46.0,7.0,Yes
2025-03-24,59.0,£236.20,3.0,1.0,Yes
2025-03-25,33.0,£0.00,0.0,0.0,No
2025-03-26,35.0,£0.00,0.0,0.0,No
2025-03-27,41.0,£0.00,0.0,0.0,No
2025-03-28,31.0,£16.00,0.0,0.0,No
2025-03-29,53.0,£0.00,0.0,0.0,No
2025-03-30,68.0,£316.20,0.0,0.0,No
2025-03-31,44.0,£158.10,0.0,0.0,No
2025-04-01,53.0,£38.00,0.0,0.0,No
2025-04-02,61.0,£30.00,0.0,0.0,No
2025-04-03,72.0,£0.00,0.0,0.0,No
2025-04-04,46.0,£0.00,0.0,0.0,No
2025-04-05,23.0,£0.00,0.0,0.0,No
2025-04-06,171.0,£0.00,3.0,8.0,Yes
2025-04-07,57.0,£28.00,0.0,0.0,No
2025-04-08,50.0,£0.00,0.0,0.0,No
2025-04-09,60.0,£28.00,0.0,0.0,No
2025-04-10,51.0,£0.00,0.0,0.0,No
2025-04-11,29.0,£0.00,0.0,0.0,No
2025-04-12,25.0,£170.00,0.0,0.0,No
2025-04-13,45.0,£0.00,0.0,0.0,No
2025-04-14,22.0,£0.00,0.0,0.0,No
2025-04-15,0.0,£0.00,0.0,0.0,No
