"Day","Orders","Gross sales","Discounts","Returns","Net sales","Shipping charges","Duties","Additional fees","Taxes","Total sales","Day (previous_period)","Orders (previous_period)","Gross sales (previous_period)","Discounts (previous_period)","Returns (previous_period)","Net sales (previous_period)","Shipping charges (previous_period)","Duties (previous_period)","Additional fees (previous_period)","Taxes (previous_period)","Total sales (previous_period)"
"2021-05-31",0,0,0,0,0,0,0,0,0,0,"2017-07-15",0,0,0,0,0,0,0,0,0,0
"2021-06-01",0,0,0,0,0,0,0,0,0,0,"2017-07-16",0,0,0,0,0,0,0,0,0,0
"2021-06-02",0,0,0,0,0,0,0,0,0,0,"2017-07-17",0,0,0,0,0,0,0,0,0,0
"2021-06-03",0,0,0,0,0,0,0,0,0,0,"2017-07-18",0,0,0,0,0,0,0,0,0,0
"2021-06-04",0,0,0,0,0,0,0,0,0,0,"2017-07-19",0,0,0,0,0,0,0,0,0,0
"2021-06-05",0,0,0,0,0,0,0,0,0,0,"2017-07-20",0,0,0,0,0,0,0,0,0,0
"2021-06-06",0,0,0,0,0,0,0,0,0,0,"2017-07-21",0,0,0,0,0,0,0,0,0,0
"2021-06-07",0,0,0,0,0,0,0,0,0,0,"2017-07-22",0,0,0,0,0,0,0,0,0,0
"2021-06-08",0,0,0,0,0,0,0,0,0,0,"2017-07-23",0,0,0,0,0,0,0,0,0,0
"2021-06-09",0,0,0,0,0,0,0,0,0,0,"2017-07-24",0,0,0,0,0,0,0,0,0,0
"2021-06-10",0,0,0,0,0,0,0,0,0,0,"2017-07-25",0,0,0,0,0,0,0,0,0,0
"2021-06-11",0,0,0,0,0,0,0,0,0,0,"2017-07-26",0,0,0,0,0,0,0,0,0,0
"2021-06-12",0,0,0,0,0,0,0,0,0,0,"2017-07-27",0,0,0,0,0,0,0,0,0,0
"2021-06-13",0,0,0,0,0,0,0,0,0,0,"2017-07-28",0,0,0,0,0,0,0,0,0,0
"2021-06-14",0,0,0,0,0,0,0,0,0,0,"2017-07-29",0,0,0,0,0,0,0,0,0,0
"2021-06-15",0,0,0,0,0,0,0,0,0,0,"2017-07-30",0,0,0,0,0,0,0,0,0,0
"2021-06-16",0,0,0,0,0,0,0,0,0,0,"2017-07-31",0,0,0,0,0,0,0,0,0,0
"2021-06-17",0,0,0,0,0,0,0,0,0,0,"2017-08-01",0,0,0,0,0,0,0,0,0,0
"2021-06-18",0,0,0,0,0,0,0,0,0,0,"2017-08-02",0,0,0,0,0,0,0,0,0,0
"2021-06-19",0,0,0,0,0,0,0,0,0,0,"2017-08-03",0,0,0,0,0,0,0,0,0,0
"2021-06-20",0,0,0,0,0,0,0,0,0,0,"2017-08-04",0,0,0,0,0,0,0,0,0,0
"2021-06-21",0,0,0,0,0,0,0,0,0,0,"2017-08-05",0,0,0,0,0,0,0,0,0,0
"2021-06-22",0,0,0,0,0,0,0,0,0,0,"2017-08-06",0,0,0,0,0,0,0,0,0,0
"2021-06-23",0,0,0,0,0,0,0,0,0,0,"2017-08-07",0,0,0,0,0,0,0,0,0,0
"2021-06-24",0,0,0,0,0,0,0,0,0,0,"2017-08-08",0,0,0,0,0,0,0,0,0,0
"2021-06-25",0,0,0,0,0,0,0,0,0,0,"2017-08-09",0,0,0,0,0,0,0,0,0,0
"2021-06-26",0,0,0,0,0,0,0,0,0,0,"2017-08-10",0,0,0,0,0,0,0,0,0,0
"2021-06-27",0,0,0,0,0,0,0,0,0,0,"2017-08-11",0,0,0,0,0,0,0,0,0,0
"2021-06-28",0,0,0,0,0,0,0,0,0,0,"2017-08-12",0,0,0,0,0,0,0,0,0,0
"2021-06-29",1,56,0,0,56,7.5,0,0,0,63.5,"2017-08-13",0,0,0,0,0,0,0,0,0,0
"2021-06-30",0,0,0,0,0,0,0,0,0,0,"2017-08-14",0,0,0,0,0,0,0,0,0,0
"2021-07-01",0,0,0,0,0,0,0,0,0,0,"2017-08-15",0,0,0,0,0,0,0,0,0,0
"2021-07-02",0,0,0,0,0,0,0,0,0,0,"2017-08-16",0,0,0,0,0,0,0,0,0,0
"2021-07-03",0,0,0,0,0,0,0,0,0,0,"2017-08-17",0,0,0,0,0,0,0,0,0,0
"2021-07-04",0,0,0,0,0,0,0,0,0,0,"2017-08-18",0,0,0,0,0,0,0,0,0,0
"2021-07-05",0,0,0,0,0,0,0,0,0,0,"2017-08-19",0,0,0,0,0,0,0,0,0,0
"2021-07-06",0,0,0,0,0,0,0,0,0,0,"2017-08-20",0,0,0,0,0,0,0,0,0,0
"2021-07-07",0,0,0,0,0,0,0,0,0,0,"2017-08-21",0,0,0,0,0,0,0,0,0,0
"2021-07-08",0,0,0,0,0,0,0,0,0,0,"2017-08-22",0,0,0,0,0,0,0,0,0,0
"2021-07-09",0,0,0,0,0,0,0,0,0,0,"2017-08-23",0,0,0,0,0,0,0,0,0,0
"2021-07-10",0,0,0,0,0,0,0,0,0,0,"2017-08-24",0,0,0,0,0,0,0,0,0,0
"2021-07-11",0,0,0,0,0,0,0,0,0,0,"2017-08-25",0,0,0,0,0,0,0,0,0,0
"2021-07-12",1,213,0,0,213,7.5,0,0,0,220.5,"2017-08-26",0,0,0,0,0,0,0,0,0,0
"2021-07-13",0,0,0,0,0,0,0,0,0,0,"2017-08-27",0,0,0,0,0,0,0,0,0,0
"2021-07-14",0,0,0,0,0,0,0,0,0,0,"2017-08-28",0,0,0,0,0,0,0,0,0,0
"2021-07-15",0,0,0,0,0,0,0,0,0,0,"2017-08-29",0,0,0,0,0,0,0,0,0,0
"2021-07-16",0,0,0,0,0,0,0,0,0,0,"2017-08-30",0,0,0,0,0,0,0,0,0,0
"2021-07-17",0,0,0,0,0,0,0,0,0,0,"2017-08-31",0,0,0,0,0,0,0,0,0,0
"2021-07-18",0,0,0,0,0,0,0,0,0,0,"2017-09-01",0,0,0,0,0,0,0,0,0,0
"2021-07-19",0,0,0,0,0,0,0,0,0,0,"2017-09-02",0,0,0,0,0,0,0,0,0,0
"2021-07-20",0,0,0,0,0,0,0,0,0,0,"2017-09-03",0,0,0,0,0,0,0,0,0,0
"2021-07-21",0,0,0,0,0,0,0,0,0,0,"2017-09-04",0,0,0,0,0,0,0,0,0,0
"2021-07-22",0,0,0,0,0,0,0,0,0,0,"2017-09-05",0,0,0,0,0,0,0,0,0,0
"2021-07-23",0,0,0,0,0,0,0,0,0,0,"2017-09-06",0,0,0,0,0,0,0,0,0,0
"2021-07-24",0,0,0,0,0,0,0,0,0,0,"2017-09-07",0,0,0,0,0,0,0,0,0,0
"2021-07-25",0,0,0,0,0,0,0,0,0,0,"2017-09-08",0,0,0,0,0,0,0,0,0,0
"2021-07-26",0,0,0,0,0,0,0,0,0,0,"2017-09-09",0,0,0,0,0,0,0,0,0,0
"2021-07-27",0,0,0,0,0,0,0,0,0,0,"2017-09-10",0,0,0,0,0,0,0,0,0,0
"2021-07-28",0,0,0,0,0,0,0,0,0,0,"2017-09-11",0,0,0,0,0,0,0,0,0,0
"2021-07-29",0,0,0,0,0,0,0,0,0,0,"2017-09-12",0,0,0,0,0,0,0,0,0,0
"2021-07-30",0,0,0,0,0,0,0,0,0,0,"2017-09-13",0,0,0,0,0,0,0,0,0,0
"2021-07-31",0,0,0,0,0,0,0,0,0,0,"2017-09-14",0,0,0,0,0,0,0,0,0,0
"2021-08-01",0,0,0,0,0,0,0,0,0,0,"2017-09-15",0,0,0,0,0,0,0,0,0,0
"2021-08-02",1,75,0,0,75,7.5,0,0,0,82.5,"2017-09-16",0,0,0,0,0,0,0,0,0,0
"2021-08-03",0,0,0,0,0,0,0,0,0,0,"2017-09-17",0,0,0,0,0,0,0,0,0,0
"2021-08-04",0,0,0,0,0,0,0,0,0,0,"2017-09-18",0,0,0,0,0,0,0,0,0,0
"2021-08-05",0,0,0,0,0,0,0,0,0,0,"2017-09-19",0,0,0,0,0,0,0,0,0,0
"2021-08-06",0,0,0,0,0,0,0,0,0,0,"2017-09-20",0,0,0,0,0,0,0,0,0,0
"2021-08-07",0,0,0,0,0,0,0,0,0,0,"2017-09-21",0,0,0,0,0,0,0,0,0,0
"2021-08-08",0,0,0,0,0,0,0,0,0,0,"2017-09-22",0,0,0,0,0,0,0,0,0,0
"2021-08-09",0,0,0,0,0,0,0,0,0,0,"2017-09-23",0,0,0,0,0,0,0,0,0,0
"2021-08-10",0,0,0,0,0,0,0,0,0,0,"2017-09-24",0,0,0,0,0,0,0,0,0,0
"2021-08-11",0,0,0,0,0,0,0,0,0,0,"2017-09-25",0,0,0,0,0,0,0,0,0,0
"2021-08-12",0,0,0,0,0,0,0,0,0,0,"2017-09-26",0,0,0,0,0,0,0,0,0,0
"2021-08-13",0,0,0,0,0,-7.5,0,0,0,-7.5,"2017-09-27",0,0,0,0,0,0,0,0,0,0
"2021-08-14",0,0,0,0,0,0,0,0,0,0,"2017-09-28",0,0,0,0,0,0,0,0,0,0
"2021-08-15",0,0,0,0,0,0,0,0,0,0,"2017-09-29",0,0,0,0,0,0,0,0,0,0
"2021-08-16",0,0,0,0,0,0,0,0,0,0,"2017-09-30",0,0,0,0,0,0,0,0,0,0
"2021-08-17",0,0,0,0,0,0,0,0,0,0,"2017-10-01",0,0,0,0,0,0,0,0,0,0
"2021-08-18",0,0,0,0,0,0,0,0,0,0,"2017-10-02",0,0,0,0,0,0,0,0,0,0
"2021-08-19",0,0,0,0,0,0,0,0,0,0,"2017-10-03",0,0,0,0,0,0,0,0,0,0
"2021-08-20",0,0,0,0,0,0,0,0,0,0,"2017-10-04",0,0,0,0,0,0,0,0,0,0
"2021-08-21",0,0,0,0,0,0,0,0,0,0,"2017-10-05",0,0,0,0,0,0,0,0,0,0
"2021-08-22",0,0,0,0,0,0,0,0,0,0,"2017-10-06",0,0,0,0,0,0,0,0,0,0
"2021-08-23",0,0,0,0,0,0,0,0,0,0,"2017-10-07",0,0,0,0,0,0,0,0,0,0
"2021-08-24",0,0,0,0,0,0,0,0,0,0,"2017-10-08",0,0,0,0,0,0,0,0,0,0
"2021-08-25",2,185,0,0,185,15,0,0,0,200,"2017-10-09",0,0,0,0,0,0,0,0,0,0
"2021-08-26",0,0,0,0,0,0,0,0,0,0,"2017-10-10",0,0,0,0,0,0,0,0,0,0
"2021-08-27",0,0,0,0,0,0,0,0,0,0,"2017-10-11",0,0,0,0,0,0,0,0,0,0
"2021-08-28",0,0,0,0,0,0,0,0,0,0,"2017-10-12",0,0,0,0,0,0,0,0,0,0
"2021-08-29",0,0,0,0,0,0,0,0,0,0,"2017-10-13",0,0,0,0,0,0,0,0,0,0
"2021-08-30",0,0,0,0,0,0,0,0,0,0,"2017-10-14",0,0,0,0,0,0,0,0,0,0
"2021-08-31",0,0,0,0,0,0,0,0,0,0,"2017-10-15",0,0,0,0,0,0,0,0,0,0
"2021-09-01",0,0,0,0,0,0,0,0,0,0,"2017-10-16",0,0,0,0,0,0,0,0,0,0
"2021-09-02",0,0,0,0,0,0,0,0,0,0,"2017-10-17",0,0,0,0,0,0,0,0,0,0
"2021-09-03",0,0,0,0,0,0,0,0,0,0,"2017-10-18",0,0,0,0,0,0,0,0,0,0
"2021-09-04",0,0,0,0,0,0,0,0,0,0,"2017-10-19",0,0,0,0,0,0,0,0,0,0
"2021-09-05",0,0,0,0,0,0,0,0,0,0,"2017-10-20",0,0,0,0,0,0,0,0,0,0
"2021-09-06",0,0,0,0,0,0,0,0,0,0,"2017-10-21",0,0,0,0,0,0,0,0,0,0
"2021-09-07",0,0,0,0,0,0,0,0,0,0,"2017-10-22",0,0,0,0,0,0,0,0,0,0
"2021-09-08",0,0,0,0,0,0,0,0,0,0,"2017-10-23",0,0,0,0,0,0,0,0,0,0
"2021-09-09",0,0,0,0,0,0,0,0,0,0,"2017-10-24",0,0,0,0,0,0,0,0,0,0
"2021-09-10",0,0,0,0,0,0,0,0,0,0,"2017-10-25",0,0,0,0,0,0,0,0,0,0
"2021-09-11",0,0,0,0,0,0,0,0,0,0,"2017-10-26",0,0,0,0,0,0,0,0,0,0
"2021-09-12",0,0,0,0,0,0,0,0,0,0,"2017-10-27",0,0,0,0,0,0,0,0,0,0
"2021-09-13",0,0,0,0,0,0,0,0,0,0,"2017-10-28",0,0,0,0,0,0,0,0,0,0
"2021-09-14",0,0,0,0,0,0,0,0,0,0,"2017-10-29",0,0,0,0,0,0,0,0,0,0
"2021-09-15",0,0,0,0,0,0,0,0,0,0,"2017-10-30",0,0,0,0,0,0,0,0,0,0
"2021-09-16",1,60,0,0,60,7.5,0,0,0,67.5,"2017-10-31",0,0,0,0,0,0,0,0,0,0
"2021-09-17",1,56,0,0,56,7.5,0,0,0,63.5,"2017-11-01",0,0,0,0,0,0,0,0,0,0
"2021-09-18",0,0,0,0,0,0,0,0,0,0,"2017-11-02",0,0,0,0,0,0,0,0,0,0
"2021-09-19",0,0,0,0,0,0,0,0,0,0,"2017-11-03",0,0,0,0,0,0,0,0,0,0
"2021-09-20",0,0,0,0,0,0,0,0,0,0,"2017-11-04",0,0,0,0,0,0,0,0,0,0
"2021-09-21",0,0,0,0,0,0,0,0,0,0,"2017-11-05",0,0,0,0,0,0,0,0,0,0
"2021-09-22",0,0,0,0,0,0,0,0,0,0,"2017-11-06",0,0,0,0,0,0,0,0,0,0
"2021-09-23",0,0,0,0,0,0,0,0,0,0,"2017-11-07",0,0,0,0,0,0,0,0,0,0
"2021-09-24",0,0,0,0,0,0,0,0,0,0,"2017-11-08",0,0,0,0,0,0,0,0,0,0
"2021-09-25",0,0,0,0,0,0,0,0,0,0,"2017-11-09",0,0,0,0,0,0,0,0,0,0
"2021-09-26",1,272,0,0,272,7.5,0,0,0,279.5,"2017-11-10",0,0,0,0,0,0,0,0,0,0
"2021-09-27",0,0,0,0,0,0,0,0,0,0,"2017-11-11",0,0,0,0,0,0,0,0,0,0
"2021-09-28",0,0,0,0,0,0,0,0,0,0,"2017-11-12",0,0,0,0,0,0,0,0,0,0
"2021-09-29",0,0,0,0,0,0,0,0,0,0,"2017-11-13",0,0,0,0,0,0,0,0,0,0
"2021-09-30",0,0,0,0,0,0,0,0,0,0,"2017-11-14",0,0,0,0,0,0,0,0,0,0
"2021-10-01",0,0,0,0,0,0,0,0,0,0,"2017-11-15",0,0,0,0,0,0,0,0,0,0
"2021-10-02",1,144,0,0,144,7.5,0,0,0,151.5,"2017-11-16",0,0,0,0,0,0,0,0,0,0
"2021-10-03",0,0,0,0,0,0,0,0,0,0,"2017-11-17",0,0,0,0,0,0,0,0,0,0
"2021-10-04",0,0,0,0,0,0,0,0,0,0,"2017-11-18",0,0,0,0,0,0,0,0,0,0
"2021-10-05",0,0,0,0,0,0,0,0,0,0,"2017-11-19",0,0,0,0,0,0,0,0,0,0
"2021-10-06",0,0,0,0,0,0,0,0,0,0,"2017-11-20",0,0,0,0,0,0,0,0,0,0
"2021-10-07",1,218,0,0,218,7.5,0,0,0,225.5,"2017-11-21",0,0,0,0,0,0,0,0,0,0
"2021-10-08",0,0,0,0,0,0,0,0,0,0,"2017-11-22",0,0,0,0,0,0,0,0,0,0
"2021-10-09",0,0,0,0,0,0,0,0,0,0,"2017-11-23",0,0,0,0,0,0,0,0,0,0
"2021-10-10",0,0,0,0,0,0,0,0,0,0,"2017-11-24",0,0,0,0,0,0,0,0,0,0
"2021-10-11",0,0,0,0,0,0,0,0,0,0,"2017-11-25",0,0,0,0,0,0,0,0,0,0
"2021-10-12",0,0,0,0,0,0,0,0,0,0,"2017-11-26",0,0,0,0,0,0,0,0,0,0
"2021-10-13",0,0,0,0,0,0,0,0,0,0,"2017-11-27",0,0,0,0,0,0,0,0,0,0
"2021-10-14",0,0,0,0,0,0,0,0,0,0,"2017-11-28",0,0,0,0,0,0,0,0,0,0
"2021-10-15",0,0,0,0,0,0,0,0,0,0,"2017-11-29",0,0,0,0,0,0,0,0,0,0
"2021-10-16",0,0,0,0,0,0,0,0,0,0,"2017-11-30",0,0,0,0,0,0,0,0,0,0
"2021-10-17",0,0,0,0,0,0,0,0,0,0,"2017-12-01",0,0,0,0,0,0,0,0,0,0
"2021-10-18",0,0,0,0,0,0,0,0,0,0,"2017-12-02",0,0,0,0,0,0,0,0,0,0
"2021-10-19",0,0,0,0,0,0,0,0,0,0,"2017-12-03",0,0,0,0,0,0,0,0,0,0
"2021-10-20",0,0,0,0,0,0,0,0,0,0,"2017-12-04",0,0,0,0,0,0,0,0,0,0
"2021-10-21",0,0,0,0,0,0,0,0,0,0,"2017-12-05",0,0,0,0,0,0,0,0,0,0
"2021-10-22",0,0,0,0,0,0,0,0,0,0,"2017-12-06",0,0,0,0,0,0,0,0,0,0
"2021-10-23",0,0,0,0,0,0,0,0,0,0,"2017-12-07",0,0,0,0,0,0,0,0,0,0
"2021-10-24",0,0,0,0,0,0,0,0,0,0,"2017-12-08",0,0,0,0,0,0,0,0,0,0
"2021-10-25",0,0,0,0,0,0,0,0,0,0,"2017-12-09",0,0,0,0,0,0,0,0,0,0
"2021-10-26",0,0,0,0,0,0,0,0,0,0,"2017-12-10",0,0,0,0,0,0,0,0,0,0
"2021-10-27",0,0,0,0,0,0,0,0,0,0,"2017-12-11",0,0,0,0,0,0,0,0,0,0
"2021-10-28",0,0,0,0,0,0,0,0,0,0,"2017-12-12",0,0,0,0,0,0,0,0,0,0
"2021-10-29",0,0,0,0,0,0,0,0,0,0,"2017-12-13",0,0,0,0,0,0,0,0,0,0
"2021-10-30",0,0,0,0,0,0,0,0,0,0,"2017-12-14",0,0,0,0,0,0,0,0,0,0
"2021-10-31",0,0,0,0,0,0,0,0,0,0,"2017-12-15",0,0,0,0,0,0,0,0,0,0
"2021-11-01",0,0,0,0,0,0,0,0,0,0,"2017-12-16",0,0,0,0,0,0,0,0,0,0
"2021-11-02",0,0,0,0,0,0,0,0,0,0,"2017-12-17",0,0,0,0,0,0,0,0,0,0
"2021-11-03",0,0,0,0,0,0,0,0,0,0,"2017-12-18",0,0,0,0,0,0,0,0,0,0
"2021-11-04",0,0,0,0,0,0,0,0,0,0,"2017-12-19",0,0,0,0,0,0,0,0,0,0
"2021-11-05",0,0,0,0,0,0,0,0,0,0,"2017-12-20",0,0,0,0,0,0,0,0,0,0
"2021-11-06",0,0,0,0,0,0,0,0,0,0,"2017-12-21",0,0,0,0,0,0,0,0,0,0
"2021-11-07",0,0,0,0,0,0,0,0,0,0,"2017-12-22",0,0,0,0,0,0,0,0,0,0
"2021-11-08",0,0,0,0,0,0,0,0,0,0,"2017-12-23",0,0,0,0,0,0,0,0,0,0
"2021-11-09",0,0,0,0,0,0,0,0,0,0,"2017-12-24",0,0,0,0,0,0,0,0,0,0
"2021-11-10",0,0,0,0,0,0,0,0,0,0,"2017-12-25",0,0,0,0,0,0,0,0,0,0
"2021-11-11",0,0,0,0,0,0,0,0,0,0,"2017-12-26",0,0,0,0,0,0,0,0,0,0
"2021-11-12",0,0,0,0,0,0,0,0,0,0,"2017-12-27",0,0,0,0,0,0,0,0,0,0
"2021-11-13",0,0,0,0,0,0,0,0,0,0,"2017-12-28",0,0,0,0,0,0,0,0,0,0
"2021-11-14",0,0,0,0,0,0,0,0,0,0,"2017-12-29",0,0,0,0,0,0,0,0,0,0
"2021-11-15",0,0,0,0,0,0,0,0,0,0,"2017-12-30",0,0,0,0,0,0,0,0,0,0
"2021-11-16",0,0,0,0,0,0,0,0,0,0,"2017-12-31",0,0,0,0,0,0,0,0,0,0
"2021-11-17",0,0,0,0,0,0,0,0,0,0,"2018-01-01",0,0,0,0,0,0,0,0,0,0
"2021-11-18",0,0,0,0,0,0,0,0,0,0,"2018-01-02",0,0,0,0,0,0,0,0,0,0
"2021-11-19",0,0,0,0,0,0,0,0,0,0,"2018-01-03",0,0,0,0,0,0,0,0,0,0
"2021-11-20",0,0,0,0,0,0,0,0,0,0,"2018-01-04",0,0,0,0,0,0,0,0,0,0
"2021-11-21",0,0,0,0,0,0,0,0,0,0,"2018-01-05",0,0,0,0,0,0,0,0,0,0
"2021-11-22",0,0,0,0,0,0,0,0,0,0,"2018-01-06",0,0,0,0,0,0,0,0,0,0
"2021-11-23",1,50,0,0,50,7.5,0,0,0,57.5,"2018-01-07",0,0,0,0,0,0,0,0,0,0
"2021-11-24",0,0,0,0,0,0,0,0,0,0,"2018-01-08",0,0,0,0,0,0,0,0,0,0
"2021-11-25",0,0,0,0,0,0,0,0,0,0,"2018-01-09",0,0,0,0,0,0,0,0,0,0
"2021-11-26",1,54,0,0,54,7.5,0,0,0,61.5,"2018-01-10",0,0,0,0,0,0,0,0,0,0
"2021-11-27",0,0,0,0,0,0,0,0,0,0,"2018-01-11",0,0,0,0,0,0,0,0,0,0
"2021-11-28",0,0,0,0,0,0,0,0,0,0,"2018-01-12",0,0,0,0,0,0,0,0,0,0
"2021-11-29",6,412,0,0,412,45,0,0,0,457,"2018-01-13",0,0,0,0,0,0,0,0,0,0
"2021-11-30",2,79,0,0,79,15,0,0,0,94,"2018-01-14",0,0,0,0,0,0,0,0,0,0
"2021-12-01",0,0,0,0,0,0,0,0,0,0,"2018-01-15",0,0,0,0,0,0,0,0,0,0
"2021-12-02",0,0,0,0,0,0,0,0,0,0,"2018-01-16",0,0,0,0,0,0,0,0,0,0
"2021-12-03",3,159,0,0,159,22.5,0,0,0,181.5,"2018-01-17",0,0,0,0,0,0,0,0,0,0
"2021-12-04",0,0,0,0,0,0,0,0,0,0,"2018-01-18",0,0,0,0,0,0,0,0,0,0
"2021-12-05",1,18,0,0,18,7.5,0,0,0,25.5,"2018-01-19",0,0,0,0,0,0,0,0,0,0
"2021-12-06",0,0,0,0,0,0,0,0,0,0,"2018-01-20",0,0,0,0,0,0,0,0,0,0
"2021-12-07",1,22,0,0,22,7.5,0,0,0,29.5,"2018-01-21",0,0,0,0,0,0,0,0,0,0
"2021-12-08",0,0,0,0,0,0,0,0,0,0,"2018-01-22",0,0,0,0,0,0,0,0,0,0
"2021-12-09",0,0,0,0,0,0,0,0,0,0,"2018-01-23",0,0,0,0,0,0,0,0,0,0
"2021-12-10",0,0,0,0,0,0,0,0,0,0,"2018-01-24",0,0,0,0,0,0,0,0,0,0
"2021-12-11",0,0,0,0,0,0,0,0,0,0,"2018-01-25",0,0,0,0,0,0,0,0,0,0
"2021-12-12",2,120,0,-95,25,7.5,0,0,0,32.5,"2018-01-26",0,0,0,0,0,0,0,0,0,0
"2021-12-13",0,0,0,0,0,0,0,0,0,0,"2018-01-27",0,0,0,0,0,0,0,0,0,0
"2021-12-14",0,0,0,0,0,0,0,0,0,0,"2018-01-28",0,0,0,0,0,0,0,0,0,0
"2021-12-15",0,0,0,0,0,0,0,0,0,0,"2018-01-29",0,0,0,0,0,0,0,0,0,0
"2021-12-16",1,48,0,0,48,7.5,0,0,0,55.5,"2018-01-30",0,0,0,0,0,0,0,0,0,0
"2021-12-17",0,0,0,0,0,0,0,0,0,0,"2018-01-31",0,0,0,0,0,0,0,0,0,0
"2021-12-18",0,0,0,0,0,0,0,0,0,0,"2018-02-01",0,0,0,0,0,0,0,0,0,0
"2021-12-19",0,0,0,0,0,0,0,0,0,0,"2018-02-02",0,0,0,0,0,0,0,0,0,0
"2021-12-20",0,0,0,0,0,0,0,0,0,0,"2018-02-03",0,0,0,0,0,0,0,0,0,0
"2021-12-21",0,0,0,0,0,0,0,0,0,0,"2018-02-04",0,0,0,0,0,0,0,0,0,0
"2021-12-22",0,0,0,0,0,0,0,0,0,0,"2018-02-05",0,0,0,0,0,0,0,0,0,0
"2021-12-23",0,0,0,0,0,0,0,0,0,0,"2018-02-06",0,0,0,0,0,0,0,0,0,0
"2021-12-24",0,0,0,0,0,0,0,0,0,0,"2018-02-07",0,0,0,0,0,0,0,0,0,0
"2021-12-25",0,0,0,0,0,0,0,0,0,0,"2018-02-08",0,0,0,0,0,0,0,0,0,0
"2021-12-26",0,0,0,0,0,0,0,0,0,0,"2018-02-09",0,0,0,0,0,0,0,0,0,0
"2021-12-27",1,90,0,0,90,7.5,0,0,0,97.5,"2018-02-10",0,0,0,0,0,0,0,0,0,0
"2021-12-28",0,0,0,0,0,0,0,0,0,0,"2018-02-11",0,0,0,0,0,0,0,0,0,0
"2021-12-29",0,0,0,0,0,0,0,0,0,0,"2018-02-12",0,0,0,0,0,0,0,0,0,0
"2021-12-30",0,0,0,0,0,0,0,0,0,0,"2018-02-13",0,0,0,0,0,0,0,0,0,0
"2021-12-31",0,0,0,0,0,0,0,0,0,0,"2018-02-14",0,0,0,0,0,0,0,0,0,0
"2022-01-01",1,34,0,0,34,7.5,0,0,0,41.5,"2018-02-15",0,0,0,0,0,0,0,0,0,0
"2022-01-02",0,0,0,0,0,0,0,0,0,0,"2018-02-16",0,0,0,0,0,0,0,0,0,0
"2022-01-03",0,0,0,0,0,0,0,0,0,0,"2018-02-17",0,0,0,0,0,0,0,0,0,0
"2022-01-04",0,0,0,0,0,0,0,0,0,0,"2018-02-18",0,0,0,0,0,0,0,0,0,0
"2022-01-05",0,0,0,0,0,0,0,0,0,0,"2018-02-19",0,0,0,0,0,0,0,0,0,0
"2022-01-06",0,0,0,0,0,0,0,0,0,0,"2018-02-20",0,0,0,0,0,0,0,0,0,0
"2022-01-07",0,0,0,0,0,0,0,0,0,0,"2018-02-21",0,0,0,0,0,0,0,0,0,0
"2022-01-08",0,0,0,0,0,0,0,0,0,0,"2018-02-22",0,0,0,0,0,0,0,0,0,0
"2022-01-09",0,0,0,0,0,0,0,0,0,0,"2018-02-23",0,0,0,0,0,0,0,0,0,0
"2022-01-10",0,0,0,0,0,0,0,0,0,0,"2018-02-24",0,0,0,0,0,0,0,0,0,0
"2022-01-11",0,0,0,0,0,0,0,0,0,0,"2018-02-25",0,0,0,0,0,0,0,0,0,0
"2022-01-12",0,0,0,0,0,0,0,0,0,0,"2018-02-26",0,0,0,0,0,0,0,0,0,0
"2022-01-13",0,0,0,0,0,0,0,0,0,0,"2018-02-27",0,0,0,0,0,0,0,0,0,0
"2022-01-14",0,0,0,0,0,0,0,0,0,0,"2018-02-28",0,0,0,0,0,0,0,0,0,0
"2022-01-15",0,0,0,0,0,0,0,0,0,0,"2018-03-01",0,0,0,0,0,0,0,0,0,0
"2022-01-16",0,0,0,0,0,0,0,0,0,0,"2018-03-02",0,0,0,0,0,0,0,0,0,0
"2022-01-17",0,0,0,0,0,0,0,0,0,0,"2018-03-03",0,0,0,0,0,0,0,0,0,0
"2022-01-18",0,0,0,0,0,0,0,0,0,0,"2018-03-04",0,0,0,0,0,0,0,0,0,0
"2022-01-19",1,96,0,0,96,7.5,0,0,0,103.5,"2018-03-05",0,0,0,0,0,0,0,0,0,0
"2022-01-20",0,0,0,0,0,0,0,0,0,0,"2018-03-06",0,0,0,0,0,0,0,0,0,0
"2022-01-21",0,0,0,0,0,0,0,0,0,0,"2018-03-07",0,0,0,0,0,0,0,0,0,0
"2022-01-22",0,0,0,0,0,0,0,0,0,0,"2018-03-08",0,0,0,0,0,0,0,0,0,0
"2022-01-23",1,68,0,0,68,7.5,0,0,0,75.5,"2018-03-09",0,0,0,0,0,0,0,0,0,0
"2022-01-24",0,0,0,0,0,0,0,0,0,0,"2018-03-10",0,0,0,0,0,0,0,0,0,0
"2022-01-25",0,0,0,0,0,0,0,0,0,0,"2018-03-11",0,0,0,0,0,0,0,0,0,0
"2022-01-26",1,176,0,0,176,7.5,0,0,0,183.5,"2018-03-12",0,0,0,0,0,0,0,0,0,0
"2022-01-27",0,0,0,0,0,0,0,0,0,0,"2018-03-13",0,0,0,0,0,0,0,0,0,0
"2022-01-28",0,0,0,0,0,0,0,0,0,0,"2018-03-14",0,0,0,0,0,0,0,0,0,0
"2022-01-29",0,0,0,0,0,0,0,0,0,0,"2018-03-15",0,0,0,0,0,0,0,0,0,0
"2022-01-30",0,0,0,0,0,0,0,0,0,0,"2018-03-16",0,0,0,0,0,0,0,0,0,0
"2022-01-31",0,0,0,0,0,0,0,0,0,0,"2018-03-17",0,0,0,0,0,0,0,0,0,0
"2022-02-01",0,0,0,0,0,0,0,0,0,0,"2018-03-18",0,0,0,0,0,0,0,0,0,0
"2022-02-02",0,0,0,0,0,0,0,0,0,0,"2018-03-19",0,0,0,0,0,0,0,0,0,0
"2022-02-03",0,0,0,0,0,0,0,0,0,0,"2018-03-20",0,0,0,0,0,0,0,0,0,0
"2022-02-04",0,0,0,0,0,0,0,0,0,0,"2018-03-21",0,0,0,0,0,0,0,0,0,0
"2022-02-05",0,0,0,0,0,0,0,0,0,0,"2018-03-22",0,0,0,0,0,0,0,0,0,0
"2022-02-06",0,0,0,0,0,0,0,0,0,0,"2018-03-23",0,0,0,0,0,0,0,0,0,0
"2022-02-07",0,0,0,0,0,0,0,0,0,0,"2018-03-24",0,0,0,0,0,0,0,0,0,0
"2022-02-08",0,0,0,0,0,0,0,0,0,0,"2018-03-25",0,0,0,0,0,0,0,0,0,0
"2022-02-09",0,0,0,0,0,0,0,0,0,0,"2018-03-26",0,0,0,0,0,0,0,0,0,0
"2022-02-10",0,0,0,0,0,0,0,0,0,0,"2018-03-27",0,0,0,0,0,0,0,0,0,0
"2022-02-11",1,90,0,0,90,7.5,0,0,0,97.5,"2018-03-28",0,0,0,0,0,0,0,0,0,0
"2022-02-12",0,0,0,0,0,0,0,0,0,0,"2018-03-29",0,0,0,0,0,0,0,0,0,0
"2022-02-13",0,0,0,0,0,0,0,0,0,0,"2018-03-30",0,0,0,0,0,0,0,0,0,0
"2022-02-14",0,0,0,0,0,0,0,0,0,0,"2018-03-31",0,0,0,0,0,0,0,0,0,0
"2022-02-15",0,0,0,0,0,0,0,0,0,0,"2018-04-01",0,0,0,0,0,0,0,0,0,0
"2022-02-16",0,0,0,0,0,0,0,0,0,0,"2018-04-02",0,0,0,0,0,0,0,0,0,0
"2022-02-17",0,0,0,0,0,0,0,0,0,0,"2018-04-03",0,0,0,0,0,0,0,0,0,0
"2022-02-18",0,0,0,0,0,0,0,0,0,0,"2018-04-04",0,0,0,0,0,0,0,0,0,0
"2022-02-19",0,0,0,0,0,0,0,0,0,0,"2018-04-05",0,0,0,0,0,0,0,0,0,0
"2022-02-20",0,0,0,0,0,0,0,0,0,0,"2018-04-06",0,0,0,0,0,0,0,0,0,0
"2022-02-21",0,0,0,0,0,0,0,0,0,0,"2018-04-07",0,0,0,0,0,0,0,0,0,0
"2022-02-22",0,0,0,0,0,0,0,0,0,0,"2018-04-08",0,0,0,0,0,0,0,0,0,0
"2022-02-23",0,0,0,0,0,0,0,0,0,0,"2018-04-09",0,0,0,0,0,0,0,0,0,0
"2022-02-24",0,0,0,0,0,0,0,0,0,0,"2018-04-10",0,0,0,0,0,0,0,0,0,0
"2022-02-25",0,0,0,0,0,0,0,0,0,0,"2018-04-11",0,0,0,0,0,0,0,0,0,0
"2022-02-26",0,0,0,0,0,0,0,0,0,0,"2018-04-12",0,0,0,0,0,0,0,0,0,0
"2022-02-27",0,0,0,0,0,0,0,0,0,0,"2018-04-13",0,0,0,0,0,0,0,0,0,0
"2022-02-28",0,0,0,0,0,0,0,0,0,0,"2018-04-14",0,0,0,0,0,0,0,0,0,0
"2022-03-01",0,0,0,0,0,0,0,0,0,0,"2018-04-15",0,0,0,0,0,0,0,0,0,0
"2022-03-02",0,0,0,0,0,0,0,0,0,0,"2018-04-16",0,0,0,0,0,0,0,0,0,0
"2022-03-03",0,0,0,0,0,0,0,0,0,0,"2018-04-17",0,0,0,0,0,0,0,0,0,0
"2022-03-04",0,0,0,0,0,0,0,0,0,0,"2018-04-18",0,0,0,0,0,0,0,0,0,0
"2022-03-05",0,0,0,0,0,0,0,0,0,0,"2018-04-19",0,0,0,0,0,0,0,0,0,0
"2022-03-06",0,0,0,0,0,0,0,0,0,0,"2018-04-20",0,0,0,0,0,0,0,0,0,0
"2022-03-07",0,0,0,0,0,0,0,0,0,0,"2018-04-21",0,0,0,0,0,0,0,0,0,0
"2022-03-08",0,0,0,0,0,0,0,0,0,0,"2018-04-22",0,0,0,0,0,0,0,0,0,0
"2022-03-09",0,0,0,0,0,0,0,0,0,0,"2018-04-23",0,0,0,0,0,0,0,0,0,0
"2022-03-10",0,0,0,0,0,0,0,0,0,0,"2018-04-24",0,0,0,0,0,0,0,0,0,0
"2022-03-11",0,0,0,0,0,0,0,0,0,0,"2018-04-25",0,0,0,0,0,0,0,0,0,0
"2022-03-12",2,128,0,0,128,15,0,0,0,143,"2018-04-26",0,0,0,0,0,0,0,0,0,0
"2022-03-13",0,0,0,0,0,0,0,0,0,0,"2018-04-27",0,0,0,0,0,0,0,0,0,0
"2022-03-14",0,0,0,0,0,0,0,0,0,0,"2018-04-28",0,0,0,0,0,0,0,0,0,0
"2022-03-15",0,0,0,0,0,0,0,0,0,0,"2018-04-29",0,0,0,0,0,0,0,0,0,0
"2022-03-16",0,0,0,0,0,0,0,0,0,0,"2018-04-30",0,0,0,0,0,0,0,0,0,0
"2022-03-17",0,0,0,0,0,0,0,0,0,0,"2018-05-01",0,0,0,0,0,0,0,0,0,0
"2022-03-18",0,0,0,0,0,0,0,0,0,0,"2018-05-02",0,0,0,0,0,0,0,0,0,0
"2022-03-19",0,0,0,0,0,0,0,0,0,0,"2018-05-03",0,0,0,0,0,0,0,0,0,0
"2022-03-20",0,0,0,0,0,0,0,0,0,0,"2018-05-04",0,0,0,0,0,0,0,0,0,0
"2022-03-21",0,0,0,0,0,0,0,0,0,0,"2018-05-05",0,0,0,0,0,0,0,0,0,0
"2022-03-22",0,0,0,0,0,0,0,0,0,0,"2018-05-06",0,0,0,0,0,0,0,0,0,0
"2022-03-23",0,0,0,0,0,0,0,0,0,0,"2018-05-07",0,0,0,0,0,0,0,0,0,0
"2022-03-24",0,0,0,0,0,0,0,0,0,0,"2018-05-08",0,0,0,0,0,0,0,0,0,0
"2022-03-25",0,0,0,0,0,0,0,0,0,0,"2018-05-09",0,0,0,0,0,0,0,0,0,0
"2022-03-26",0,0,0,0,0,0,0,0,0,0,"2018-05-10",0,0,0,0,0,0,0,0,0,0
"2022-03-27",0,0,0,0,0,0,0,0,0,0,"2018-05-11",0,0,0,0,0,0,0,0,0,0
"2022-03-28",0,0,0,0,0,0,0,0,0,0,"2018-05-12",0,0,0,0,0,0,0,0,0,0
"2022-03-29",0,0,0,0,0,0,0,0,0,0,"2018-05-13",0,0,0,0,0,0,0,0,0,0
"2022-03-30",0,0,0,-90,-90,0,0,0,0,-90,"2018-05-14",0,0,0,0,0,0,0,0,0,0
"2022-03-31",1,52,0,0,52,7.5,0,0,0,59.5,"2018-05-15",0,0,0,0,0,0,0,0,0,0
"2022-04-01",0,0,0,0,0,0,0,0,0,0,"2018-05-16",0,0,0,0,0,0,0,0,0,0
"2022-04-02",1,180,0,0,180,7.5,0,0,0,187.5,"2018-05-17",0,0,0,0,0,0,0,0,0,0
"2022-04-03",0,0,0,0,0,0,0,0,0,0,"2018-05-18",0,0,0,0,0,0,0,0,0,0
"2022-04-04",0,0,0,0,0,0,0,0,0,0,"2018-05-19",0,0,0,0,0,0,0,0,0,0
"2022-04-05",0,0,0,0,0,0,0,0,0,0,"2018-05-20",0,0,0,0,0,0,0,0,0,0
"2022-04-06",0,0,0,0,0,0,0,0,0,0,"2018-05-21",0,0,0,0,0,0,0,0,0,0
"2022-04-07",0,0,0,0,0,0,0,0,0,0,"2018-05-22",0,0,0,0,0,0,0,0,0,0
"2022-04-08",1,90,0,0,90,7.5,0,0,0,97.5,"2018-05-23",0,0,0,0,0,0,0,0,0,0
"2022-04-09",0,0,0,0,0,0,0,0,0,0,"2018-05-24",0,0,0,0,0,0,0,0,0,0
"2022-04-10",0,0,0,0,0,0,0,0,0,0,"2018-05-25",0,0,0,0,0,0,0,0,0,0
"2022-04-11",0,0,0,0,0,0,0,0,0,0,"2018-05-26",0,0,0,0,0,0,0,0,0,0
"2022-04-12",1,38,0,0,38,7.5,0,0,0,45.5,"2018-05-27",0,0,0,0,0,0,0,0,0,0
"2022-04-13",0,0,0,0,0,0,0,0,0,0,"2018-05-28",0,0,0,0,0,0,0,0,0,0
"2022-04-14",0,0,0,0,0,-7.5,0,0,0,-7.5,"2018-05-29",0,0,0,0,0,0,0,0,0,0
"2022-04-15",0,0,0,0,0,0,0,0,0,0,"2018-05-30",0,0,0,0,0,0,0,0,0,0
"2022-04-16",0,0,0,0,0,0,0,0,0,0,"2018-05-31",0,0,0,0,0,0,0,0,0,0
"2022-04-17",0,0,0,0,0,0,0,0,0,0,"2018-06-01",0,0,0,0,0,0,0,0,0,0
"2022-04-18",0,0,0,0,0,0,0,0,0,0,"2018-06-02",0,0,0,0,0,0,0,0,0,0
"2022-04-19",0,0,0,0,0,0,0,0,0,0,"2018-06-03",0,0,0,0,0,0,0,0,0,0
"2022-04-20",0,0,0,0,0,0,0,0,0,0,"2018-06-04",0,0,0,0,0,0,0,0,0,0
"2022-04-21",0,0,0,0,0,0,0,0,0,0,"2018-06-05",0,0,0,0,0,0,0,0,0,0
"2022-04-22",0,0,0,0,0,0,0,0,0,0,"2018-06-06",0,0,0,0,0,0,0,0,0,0
"2022-04-23",0,0,0,0,0,0,0,0,0,0,"2018-06-07",0,0,0,0,0,0,0,0,0,0
"2022-04-24",0,0,0,0,0,0,0,0,0,0,"2018-06-08",0,0,0,0,0,0,0,0,0,0
"2022-04-25",0,0,0,0,0,0,0,0,0,0,"2018-06-09",0,0,0,0,0,0,0,0,0,0
"2022-04-26",0,0,0,0,0,0,0,0,0,0,"2018-06-10",0,0,0,0,0,0,0,0,0,0
"2022-04-27",0,0,0,0,0,0,0,0,0,0,"2018-06-11",0,0,0,0,0,0,0,0,0,0
"2022-04-28",0,0,0,0,0,0,0,0,0,0,"2018-06-12",0,0,0,0,0,0,0,0,0,0
"2022-04-29",0,0,0,0,0,0,0,0,0,0,"2018-06-13",0,0,0,0,0,0,0,0,0,0
"2022-04-30",0,0,0,0,0,0,0,0,0,0,"2018-06-14",0,0,0,0,0,0,0,0,0,0
"2022-05-01",0,0,0,0,0,0,0,0,0,0,"2018-06-15",0,0,0,0,0,0,0,0,0,0
"2022-05-02",0,0,0,0,0,0,0,0,0,0,"2018-06-16",0,0,0,0,0,0,0,0,0,0
"2022-05-03",0,0,0,0,0,0,0,0,0,0,"2018-06-17",0,0,0,0,0,0,0,0,0,0
"2022-05-04",0,0,0,0,0,0,0,0,0,0,"2018-06-18",0,0,0,0,0,0,0,0,0,0
"2022-05-05",0,0,0,0,0,0,0,0,0,0,"2018-06-19",0,0,0,0,0,0,0,0,0,0
"2022-05-06",0,0,0,0,0,0,0,0,0,0,"2018-06-20",0,0,0,0,0,0,0,0,0,0
"2022-05-07",0,0,0,0,0,0,0,0,0,0,"2018-06-21",0,0,0,0,0,0,0,0,0,0
"2022-05-08",0,0,0,0,0,0,0,0,0,0,"2018-06-22",0,0,0,0,0,0,0,0,0,0
"2022-05-09",0,0,0,0,0,0,0,0,0,0,"2018-06-23",0,0,0,0,0,0,0,0,0,0
"2022-05-10",0,0,0,0,0,0,0,0,0,0,"2018-06-24",0,0,0,0,0,0,0,0,0,0
"2022-05-11",0,0,0,0,0,0,0,0,0,0,"2018-06-25",0,0,0,0,0,0,0,0,0,0
"2022-05-12",1,28,0,0,28,7.5,0,0,0,35.5,"2018-06-26",0,0,0,0,0,0,0,0,0,0
"2022-05-13",0,0,0,0,0,0,0,0,0,0,"2018-06-27",0,0,0,0,0,0,0,0,0,0
"2022-05-14",0,0,0,0,0,0,0,0,0,0,"2018-06-28",0,0,0,0,0,0,0,0,0,0
"2022-05-15",0,0,0,0,0,0,0,0,0,0,"2018-06-29",0,0,0,0,0,0,0,0,0,0
"2022-05-16",0,0,0,0,0,0,0,0,0,0,"2018-06-30",0,0,0,0,0,0,0,0,0,0
"2022-05-17",0,0,0,0,0,0,0,0,0,0,"2018-07-01",0,0,0,0,0,0,0,0,0,0
"2022-05-18",0,0,0,0,0,0,0,0,0,0,"2018-07-02",0,0,0,0,0,0,0,0,0,0
"2022-05-19",0,0,0,0,0,0,0,0,0,0,"2018-07-03",0,0,0,0,0,0,0,0,0,0
"2022-05-20",0,0,0,0,0,0,0,0,0,0,"2018-07-04",0,0,0,0,0,0,0,0,0,0
"2022-05-21",0,0,0,0,0,0,0,0,0,0,"2018-07-05",0,0,0,0,0,0,0,0,0,0
"2022-05-22",0,0,0,0,0,0,0,0,0,0,"2018-07-06",0,0,0,0,0,0,0,0,0,0
"2022-05-23",0,0,0,0,0,0,0,0,0,0,"2018-07-07",0,0,0,0,0,0,0,0,0,0
"2022-05-24",0,0,0,0,0,0,0,0,0,0,"2018-07-08",0,0,0,0,0,0,0,0,0,0
"2022-05-25",0,0,0,0,0,0,0,0,0,0,"2018-07-09",0,0,0,0,0,0,0,0,0,0
"2022-05-26",0,0,0,0,0,0,0,0,0,0,"2018-07-10",0,0,0,0,0,0,0,0,0,0
"2022-05-27",0,0,0,0,0,0,0,0,0,0,"2018-07-11",0,0,0,0,0,0,0,0,0,0
"2022-05-28",0,0,0,0,0,0,0,0,0,0,"2018-07-12",0,0,0,0,0,0,0,0,0,0
"2022-05-29",0,0,0,0,0,0,0,0,0,0,"2018-07-13",0,0,0,0,0,0,0,0,0,0
"2022-05-30",0,0,0,0,0,0,0,0,0,0,"2018-07-14",0,0,0,0,0,0,0,0,0,0
"2022-05-31",0,0,0,0,0,0,0,0,0,0,"2018-07-15",0,0,0,0,0,0,0,0,0,0
"2022-06-01",0,0,0,0,0,0,0,0,0,0,"2018-07-16",0,0,0,0,0,0,0,0,0,0
"2022-06-02",0,0,0,0,0,0,0,0,0,0,"2018-07-17",0,0,0,0,0,0,0,0,0,0
"2022-06-03",0,0,0,0,0,0,0,0,0,0,"2018-07-18",0,0,0,0,0,0,0,0,0,0
"2022-06-04",0,0,0,0,0,0,0,0,0,0,"2018-07-19",0,0,0,0,0,0,0,0,0,0
"2022-06-05",0,0,0,0,0,0,0,0,0,0,"2018-07-20",0,0,0,0,0,0,0,0,0,0
"2022-06-06",0,0,0,0,0,0,0,0,0,0,"2018-07-21",0,0,0,0,0,0,0,0,0,0
"2022-06-07",0,0,0,0,0,0,0,0,0,0,"2018-07-22",0,0,0,0,0,0,0,0,0,0
"2022-06-08",0,0,0,0,0,0,0,0,0,0,"2018-07-23",0,0,0,0,0,0,0,0,0,0
"2022-06-09",0,0,0,0,0,0,0,0,0,0,"2018-07-24",0,0,0,0,0,0,0,0,0,0
"2022-06-10",0,0,0,0,0,0,0,0,0,0,"2018-07-25",0,0,0,0,0,0,0,0,0,0
"2022-06-11",0,0,0,0,0,0,0,0,0,0,"2018-07-26",0,0,0,0,0,0,0,0,0,0
"2022-06-12",0,0,0,0,0,0,0,0,0,0,"2018-07-27",0,0,0,0,0,0,0,0,0,0
"2022-06-13",0,0,0,0,0,0,0,0,0,0,"2018-07-28",0,0,0,0,0,0,0,0,0,0
"2022-06-14",0,0,0,0,0,0,0,0,0,0,"2018-07-29",0,0,0,0,0,0,0,0,0,0
"2022-06-15",1,68,0,0,68,7.5,0,0,0,75.5,"2018-07-30",0,0,0,0,0,0,0,0,0,0
"2022-06-16",0,0,0,0,0,0,0,0,0,0,"2018-07-31",0,0,0,0,0,0,0,0,0,0
"2022-06-17",0,0,0,0,0,0,0,0,0,0,"2018-08-01",0,0,0,0,0,0,0,0,0,0
"2022-06-18",0,0,0,0,0,0,0,0,0,0,"2018-08-02",0,0,0,0,0,0,0,0,0,0
"2022-06-19",0,0,0,0,0,0,0,0,0,0,"2018-08-03",0,0,0,0,0,0,0,0,0,0
"2022-06-20",0,0,0,0,0,0,0,0,0,0,"2018-08-04",0,0,0,0,0,0,0,0,0,0
"2022-06-21",0,0,0,0,0,0,0,0,0,0,"2018-08-05",0,0,0,0,0,0,0,0,0,0
"2022-06-22",0,0,0,0,0,0,0,0,0,0,"2018-08-06",0,0,0,0,0,0,0,0,0,0
"2022-06-23",0,0,0,0,0,0,0,0,0,0,"2018-08-07",0,0,0,0,0,0,0,0,0,0
"2022-06-24",0,0,0,0,0,0,0,0,0,0,"2018-08-08",0,0,0,0,0,0,0,0,0,0
"2022-06-25",0,0,0,0,0,0,0,0,0,0,"2018-08-09",0,0,0,0,0,0,0,0,0,0
"2022-06-26",0,0,0,0,0,0,0,0,0,0,"2018-08-10",0,0,0,0,0,0,0,0,0,0
"2022-06-27",0,0,0,0,0,0,0,0,0,0,"2018-08-11",0,0,0,0,0,0,0,0,0,0
"2022-06-28",0,0,0,0,0,0,0,0,0,0,"2018-08-12",0,0,0,0,0,0,0,0,0,0
"2022-06-29",0,0,0,0,0,0,0,0,0,0,"2018-08-13",0,0,0,0,0,0,0,0,0,0
"2022-06-30",0,0,0,0,0,0,0,0,0,0,"2018-08-14",0,0,0,0,0,0,0,0,0,0
"2022-07-01",0,0,0,0,0,0,0,0,0,0,"2018-08-15",0,0,0,0,0,0,0,0,0,0
"2022-07-02",0,0,0,0,0,0,0,0,0,0,"2018-08-16",0,0,0,0,0,0,0,0,0,0
"2022-07-03",0,0,0,0,0,0,0,0,0,0,"2018-08-17",0,0,0,0,0,0,0,0,0,0
"2022-07-04",0,0,0,0,0,0,0,0,0,0,"2018-08-18",0,0,0,0,0,0,0,0,0,0
"2022-07-05",0,0,0,0,0,0,0,0,0,0,"2018-08-19",0,0,0,0,0,0,0,0,0,0
"2022-07-06",0,0,0,0,0,0,0,0,0,0,"2018-08-20",0,0,0,0,0,0,0,0,0,0
"2022-07-07",0,0,0,0,0,0,0,0,0,0,"2018-08-21",0,0,0,0,0,0,0,0,0,0
"2022-07-08",0,0,0,0,0,0,0,0,0,0,"2018-08-22",0,0,0,0,0,0,0,0,0,0
"2022-07-09",0,0,0,0,0,0,0,0,0,0,"2018-08-23",0,0,0,0,0,0,0,0,0,0
"2022-07-10",0,0,0,0,0,0,0,0,0,0,"2018-08-24",0,0,0,0,0,0,0,0,0,0
"2022-07-11",0,0,0,0,0,0,0,0,0,0,"2018-08-25",0,0,0,0,0,0,0,0,0,0
"2022-07-12",0,0,0,0,0,0,0,0,0,0,"2018-08-26",0,0,0,0,0,0,0,0,0,0
"2022-07-13",1,128,0,0,128,7.5,0,0,0,135.5,"2018-08-27",0,0,0,0,0,0,0,0,0,0
"2022-07-14",0,0,0,0,0,0,0,0,0,0,"2018-08-28",0,0,0,0,0,0,0,0,0,0
"2022-07-15",0,0,0,0,0,0,0,0,0,0,"2018-08-29",0,0,0,0,0,0,0,0,0,0
"2022-07-16",0,0,0,0,0,0,0,0,0,0,"2018-08-30",0,0,0,0,0,0,0,0,0,0
"2022-07-17",0,0,0,0,0,0,0,0,0,0,"2018-08-31",0,0,0,0,0,0,0,0,0,0
"2022-07-18",0,0,0,0,0,0,0,0,0,0,"2018-09-01",0,0,0,0,0,0,0,0,0,0
"2022-07-19",0,0,0,0,0,0,0,0,0,0,"2018-09-02",0,0,0,0,0,0,0,0,0,0
"2022-07-20",0,0,0,0,0,0,0,0,0,0,"2018-09-03",0,0,0,0,0,0,0,0,0,0
"2022-07-21",0,0,0,0,0,0,0,0,0,0,"2018-09-04",0,0,0,0,0,0,0,0,0,0
"2022-07-22",0,0,0,0,0,0,0,0,0,0,"2018-09-05",0,0,0,0,0,0,0,0,0,0
"2022-07-23",0,0,0,0,0,0,0,0,0,0,"2018-09-06",0,0,0,0,0,0,0,0,0,0
"2022-07-24",0,0,0,0,0,0,0,0,0,0,"2018-09-07",0,0,0,0,0,0,0,0,0,0
"2022-07-25",0,0,0,0,0,0,0,0,0,0,"2018-09-08",0,0,0,0,0,0,0,0,0,0
"2022-07-26",0,0,0,0,0,0,0,0,0,0,"2018-09-09",0,0,0,0,0,0,0,0,0,0
"2022-07-27",0,0,0,0,0,0,0,0,0,0,"2018-09-10",0,0,0,0,0,0,0,0,0,0
"2022-07-28",0,0,0,0,0,0,0,0,0,0,"2018-09-11",0,0,0,0,0,0,0,0,0,0
"2022-07-29",0,0,0,0,0,0,0,0,0,0,"2018-09-12",0,0,0,0,0,0,0,0,0,0
"2022-07-30",0,0,0,0,0,0,0,0,0,0,"2018-09-13",0,0,0,0,0,0,0,0,0,0
"2022-07-31",0,0,0,0,0,0,0,0,0,0,"2018-09-14",0,0,0,0,0,0,0,0,0,0
"2022-08-01",1,50,0,0,50,7.5,0,0,0,57.5,"2018-09-15",0,0,0,0,0,0,0,0,0,0
"2022-08-02",0,0,0,0,0,0,0,0,0,0,"2018-09-16",0,0,0,0,0,0,0,0,0,0
"2022-08-03",0,0,0,0,0,0,0,0,0,0,"2018-09-17",0,0,0,0,0,0,0,0,0,0
"2022-08-04",0,0,0,0,0,0,0,0,0,0,"2018-09-18",0,0,0,0,0,0,0,0,0,0
"2022-08-05",0,0,0,0,0,0,0,0,0,0,"2018-09-19",0,0,0,0,0,0,0,0,0,0
"2022-08-06",0,0,0,0,0,0,0,0,0,0,"2018-09-20",0,0,0,0,0,0,0,0,0,0
"2022-08-07",0,0,0,0,0,0,0,0,0,0,"2018-09-21",0,0,0,0,0,0,0,0,0,0
"2022-08-08",0,0,0,0,0,0,0,0,0,0,"2018-09-22",0,0,0,0,0,0,0,0,0,0
"2022-08-09",1,112,0,0,112,7.5,0,0,0,119.5,"2018-09-23",0,0,0,0,0,0,0,0,0,0
"2022-08-10",0,0,0,0,0,0,0,0,0,0,"2018-09-24",0,0,0,0,0,0,0,0,0,0
"2022-08-11",0,0,0,0,0,0,0,0,0,0,"2018-09-25",0,0,0,0,0,0,0,0,0,0
"2022-08-12",0,0,0,0,0,0,0,0,0,0,"2018-09-26",0,0,0,0,0,0,0,0,0,0
"2022-08-13",0,0,0,0,0,0,0,0,0,0,"2018-09-27",0,0,0,0,0,0,0,0,0,0
"2022-08-14",0,0,0,0,0,0,0,0,0,0,"2018-09-28",0,0,0,0,0,0,0,0,0,0
"2022-08-15",0,0,0,0,0,0,0,0,0,0,"2018-09-29",0,0,0,0,0,0,0,0,0,0
"2022-08-16",0,0,0,0,0,0,0,0,0,0,"2018-09-30",0,0,0,0,0,0,0,0,0,0
"2022-08-17",0,0,0,0,0,0,0,0,0,0,"2018-10-01",0,0,0,0,0,0,0,0,0,0
"2022-08-18",0,0,0,0,0,0,0,0,0,0,"2018-10-02",0,0,0,0,0,0,0,0,0,0
"2022-08-19",0,0,0,0,0,0,0,0,0,0,"2018-10-03",0,0,0,0,0,0,0,0,0,0
"2022-08-20",0,0,0,0,0,0,0,0,0,0,"2018-10-04",0,0,0,0,0,0,0,0,0,0
"2022-08-21",0,0,0,0,0,0,0,0,0,0,"2018-10-05",0,0,0,0,0,0,0,0,0,0
"2022-08-22",0,0,0,0,0,0,0,0,0,0,"2018-10-06",0,0,0,0,0,0,0,0,0,0
"2022-08-23",0,0,0,0,0,0,0,0,0,0,"2018-10-07",0,0,0,0,0,0,0,0,0,0
"2022-08-24",0,0,0,0,0,0,0,0,0,0,"2018-10-08",0,0,0,0,0,0,0,0,0,0
"2022-08-25",0,0,0,0,0,0,0,0,0,0,"2018-10-09",0,0,0,0,0,0,0,0,0,0
"2022-08-26",0,0,0,0,0,0,0,0,0,0,"2018-10-10",0,0,0,0,0,0,0,0,0,0
"2022-08-27",0,0,0,0,0,0,0,0,0,0,"2018-10-11",0,0,0,0,0,0,0,0,0,0
"2022-08-28",0,0,0,0,0,0,0,0,0,0,"2018-10-12",0,0,0,0,0,0,0,0,0,0
"2022-08-29",0,0,0,0,0,0,0,0,0,0,"2018-10-13",0,0,0,0,0,0,0,0,0,0
"2022-08-30",0,0,0,0,0,0,0,0,0,0,"2018-10-14",0,0,0,0,0,0,0,0,0,0
"2022-08-31",0,0,0,0,0,0,0,0,0,0,"2018-10-15",0,0,0,0,0,0,0,0,0,0
"2022-09-01",0,0,0,0,0,0,0,0,0,0,"2018-10-16",0,0,0,0,0,0,0,0,0,0
"2022-09-02",0,0,0,0,0,0,0,0,0,0,"2018-10-17",0,0,0,0,0,0,0,0,0,0
"2022-09-03",0,0,0,0,0,0,0,0,0,0,"2018-10-18",0,0,0,0,0,0,0,0,0,0
"2022-09-04",0,0,0,0,0,0,0,0,0,0,"2018-10-19",0,0,0,0,0,0,0,0,0,0
"2022-09-05",0,0,0,0,0,0,0,0,0,0,"2018-10-20",0,0,0,0,0,0,0,0,0,0
"2022-09-06",0,0,0,0,0,0,0,0,0,0,"2018-10-21",0,0,0,0,0,0,0,0,0,0
"2022-09-07",0,0,0,0,0,0,0,0,0,0,"2018-10-22",0,0,0,0,0,0,0,0,0,0
"2022-09-08",0,0,0,0,0,0,0,0,0,0,"2018-10-23",0,0,0,0,0,0,0,0,0,0
"2022-09-09",0,0,0,0,0,0,0,0,0,0,"2018-10-24",0,0,0,0,0,0,0,0,0,0
"2022-09-10",0,0,0,0,0,0,0,0,0,0,"2018-10-25",0,0,0,0,0,0,0,0,0,0
"2022-09-11",0,0,0,0,0,0,0,0,0,0,"2018-10-26",0,0,0,0,0,0,0,0,0,0
"2022-09-12",0,0,0,0,0,0,0,0,0,0,"2018-10-27",0,0,0,0,0,0,0,0,0,0
"2022-09-13",0,0,0,0,0,0,0,0,0,0,"2018-10-28",0,0,0,0,0,0,0,0,0,0
"2022-09-14",1,32,0,0,32,7.5,0,0,0,39.5,"2018-10-29",0,0,0,0,0,0,0,0,0,0
"2022-09-15",0,0,0,0,0,0,0,0,0,0,"2018-10-30",0,0,0,0,0,0,0,0,0,0
"2022-09-16",0,0,0,0,0,0,0,0,0,0,"2018-10-31",0,0,0,0,0,0,0,0,0,0
"2022-09-17",0,0,0,0,0,0,0,0,0,0,"2018-11-01",0,0,0,0,0,0,0,0,0,0
"2022-09-18",0,0,0,0,0,0,0,0,0,0,"2018-11-02",0,0,0,0,0,0,0,0,0,0
"2022-09-19",0,0,0,0,0,0,0,0,0,0,"2018-11-03",0,0,0,0,0,0,0,0,0,0
"2022-09-20",0,0,0,0,0,0,0,0,0,0,"2018-11-04",0,0,0,0,0,0,0,0,0,0
"2022-09-21",0,0,0,0,0,0,0,0,0,0,"2018-11-05",0,0,0,0,0,0,0,0,0,0
"2022-09-22",0,0,0,0,0,0,0,0,0,0,"2018-11-06",0,0,0,0,0,0,0,0,0,0
"2022-09-23",0,0,0,0,0,0,0,0,0,0,"2018-11-07",0,0,0,0,0,0,0,0,0,0
"2022-09-24",0,0,0,0,0,0,0,0,0,0,"2018-11-08",0,0,0,0,0,0,0,0,0,0
"2022-09-25",0,0,0,0,0,0,0,0,0,0,"2018-11-09",0,0,0,0,0,0,0,0,0,0
"2022-09-26",0,0,0,0,0,0,0,0,0,0,"2018-11-10",0,0,0,0,0,0,0,0,0,0
"2022-09-27",0,0,0,0,0,0,0,0,0,0,"2018-11-11",0,0,0,0,0,0,0,0,0,0
"2022-09-28",0,0,0,0,0,0,0,0,0,0,"2018-11-12",0,0,0,0,0,0,0,0,0,0
"2022-09-29",0,0,0,0,0,0,0,0,0,0,"2018-11-13",0,0,0,0,0,0,0,0,0,0
"2022-09-30",0,0,0,0,0,0,0,0,0,0,"2018-11-14",0,0,0,0,0,0,0,0,0,0
"2022-10-01",0,0,0,0,0,0,0,0,0,0,"2018-11-15",0,0,0,0,0,0,0,0,0,0
"2022-10-02",0,0,0,0,0,0,0,0,0,0,"2018-11-16",0,0,0,0,0,0,0,0,0,0
"2022-10-03",0,0,0,0,0,0,0,0,0,0,"2018-11-17",0,0,0,0,0,0,0,0,0,0
"2022-10-04",0,0,0,0,0,0,0,0,0,0,"2018-11-18",0,0,0,0,0,0,0,0,0,0
"2022-10-05",0,0,0,0,0,0,0,0,0,0,"2018-11-19",0,0,0,0,0,0,0,0,0,0
"2022-10-06",0,0,0,0,0,0,0,0,0,0,"2018-11-20",0,0,0,0,0,0,0,0,0,0
"2022-10-07",0,0,0,0,0,0,0,0,0,0,"2018-11-21",0,0,0,0,0,0,0,0,0,0
"2022-10-08",0,0,0,0,0,0,0,0,0,0,"2018-11-22",0,0,0,0,0,0,0,0,0,0
"2022-10-09",0,0,0,0,0,0,0,0,0,0,"2018-11-23",0,0,0,0,0,0,0,0,0,0
"2022-10-10",0,0,0,0,0,0,0,0,0,0,"2018-11-24",0,0,0,0,0,0,0,0,0,0
"2022-10-11",0,0,0,0,0,0,0,0,0,0,"2018-11-25",0,0,0,0,0,0,0,0,0,0
"2022-10-12",0,0,0,0,0,0,0,0,0,0,"2018-11-26",0,0,0,0,0,0,0,0,0,0
"2022-10-13",0,0,0,0,0,0,0,0,0,0,"2018-11-27",0,0,0,0,0,0,0,0,0,0
"2022-10-14",0,0,0,0,0,0,0,0,0,0,"2018-11-28",0,0,0,0,0,0,0,0,0,0
"2022-10-15",0,0,0,0,0,0,0,0,0,0,"2018-11-29",0,0,0,0,0,0,0,0,0,0
"2022-10-16",0,0,0,0,0,0,0,0,0,0,"2018-11-30",0,0,0,0,0,0,0,0,0,0
"2022-10-17",0,0,0,0,0,0,0,0,0,0,"2018-12-01",0,0,0,0,0,0,0,0,0,0
"2022-10-18",0,0,0,0,0,0,0,0,0,0,"2018-12-02",0,0,0,0,0,0,0,0,0,0
"2022-10-19",0,0,0,0,0,0,0,0,0,0,"2018-12-03",0,0,0,0,0,0,0,0,0,0
"2022-10-20",0,0,0,0,0,0,0,0,0,0,"2018-12-04",0,0,0,0,0,0,0,0,0,0
"2022-10-21",0,0,0,0,0,0,0,0,0,0,"2018-12-05",0,0,0,0,0,0,0,0,0,0
"2022-10-22",0,0,0,0,0,0,0,0,0,0,"2018-12-06",0,0,0,0,0,0,0,0,0,0
"2022-10-23",0,0,0,0,0,0,0,0,0,0,"2018-12-07",0,0,0,0,0,0,0,0,0,0
"2022-10-24",1,120,0,0,120,7.5,0,0,0,127.5,"2018-12-08",0,0,0,0,0,0,0,0,0,0
"2022-10-25",0,0,0,0,0,0,0,0,0,0,"2018-12-09",0,0,0,0,0,0,0,0,0,0
"2022-10-26",0,0,0,0,0,0,0,0,0,0,"2018-12-10",0,0,0,0,0,0,0,0,0,0
"2022-10-27",0,0,0,0,0,0,0,0,0,0,"2018-12-11",0,0,0,0,0,0,0,0,0,0
"2022-10-28",0,0,0,0,0,0,0,0,0,0,"2018-12-12",0,0,0,0,0,0,0,0,0,0
"2022-10-29",0,0,0,0,0,0,0,0,0,0,"2018-12-13",0,0,0,0,0,0,0,0,0,0
"2022-10-30",0,0,0,0,0,0,0,0,0,0,"2018-12-14",0,0,0,0,0,0,0,0,0,0
"2022-10-31",0,0,0,0,0,0,0,0,0,0,"2018-12-15",0,0,0,0,0,0,0,0,0,0
"2022-11-01",0,0,0,0,0,0,0,0,0,0,"2018-12-16",0,0,0,0,0,0,0,0,0,0
"2022-11-02",0,0,0,0,0,0,0,0,0,0,"2018-12-17",0,0,0,0,0,0,0,0,0,0
"2022-11-03",0,0,0,0,0,0,0,0,0,0,"2018-12-18",0,0,0,0,0,0,0,0,0,0
"2022-11-04",0,0,0,0,0,0,0,0,0,0,"2018-12-19",0,0,0,0,0,0,0,0,0,0
"2022-11-05",0,0,0,0,0,0,0,0,0,0,"2018-12-20",0,0,0,0,0,0,0,0,0,0
"2022-11-06",1,516,0,0,516,7.5,0,0,0,523.5,"2018-12-21",0,0,0,0,0,0,0,0,0,0
"2022-11-07",0,0,0,0,0,0,0,0,0,0,"2018-12-22",0,0,0,0,0,0,0,0,0,0
"2022-11-08",0,0,0,0,0,0,0,0,0,0,"2018-12-23",0,0,0,0,0,0,0,0,0,0
"2022-11-09",0,0,0,0,0,0,0,0,0,0,"2018-12-24",0,0,0,0,0,0,0,0,0,0
"2022-11-10",0,0,0,0,0,0,0,0,0,0,"2018-12-25",0,0,0,0,0,0,0,0,0,0
"2022-11-11",0,0,0,0,0,0,0,0,0,0,"2018-12-26",0,0,0,0,0,0,0,0,0,0
"2022-11-12",1,34,0,0,34,7.5,0,0,0,41.5,"2018-12-27",0,0,0,0,0,0,0,0,0,0
"2022-11-13",0,0,0,0,0,0,0,0,0,0,"2018-12-28",0,0,0,0,0,0,0,0,0,0
"2022-11-14",0,0,0,0,0,0,0,0,0,0,"2018-12-29",0,0,0,0,0,0,0,0,0,0
"2022-11-15",0,0,0,0,0,0,0,0,0,0,"2018-12-30",0,0,0,0,0,0,0,0,0,0
"2022-11-16",0,0,0,0,0,0,0,0,0,0,"2018-12-31",0,0,0,0,0,0,0,0,0,0
"2022-11-17",0,0,0,0,0,0,0,0,0,0,"2019-01-01",0,0,0,0,0,0,0,0,0,0
"2022-11-18",1,248,0,0,248,7.5,0,0,0,255.5,"2019-01-02",0,0,0,0,0,0,0,0,0,0
"2022-11-19",0,0,0,0,0,0,0,0,0,0,"2019-01-03",0,0,0,0,0,0,0,0,0,0
"2022-11-20",0,0,0,0,0,0,0,0,0,0,"2019-01-04",0,0,0,0,0,0,0,0,0,0
"2022-11-21",0,0,0,0,0,0,0,0,0,0,"2019-01-05",0,0,0,0,0,0,0,0,0,0
"2022-11-22",0,0,0,0,0,0,0,0,0,0,"2019-01-06",0,0,0,0,0,0,0,0,0,0
"2022-11-23",0,0,0,0,0,0,0,0,0,0,"2019-01-07",0,0,0,0,0,0,0,0,0,0
"2022-11-24",1,120,0,0,120,7.5,0,0,0,127.5,"2019-01-08",0,0,0,0,0,0,0,0,0,0
"2022-11-25",0,0,0,0,0,0,0,0,0,0,"2019-01-09",0,0,0,0,0,0,0,0,0,0
"2022-11-26",1,22,0,0,22,7.5,0,0,0,29.5,"2019-01-10",0,0,0,0,0,0,0,0,0,0
"2022-11-27",0,0,0,0,0,0,0,0,0,0,"2019-01-11",0,0,0,0,0,0,0,0,0,0
"2022-11-28",0,0,0,0,0,0,0,0,0,0,"2019-01-12",0,0,0,0,0,0,0,0,0,0
"2022-11-29",0,0,0,0,0,0,0,0,0,0,"2019-01-13",0,0,0,0,0,0,0,0,0,0
"2022-11-30",0,0,0,-32,-32,0,0,0,0,-32,"2019-01-14",0,0,0,0,0,0,0,0,0,0
"2022-12-01",0,0,0,0,0,0,0,0,0,0,"2019-01-15",0,0,0,0,0,0,0,0,0,0
"2022-12-02",0,0,0,0,0,0,0,0,0,0,"2019-01-16",0,0,0,0,0,0,0,0,0,0
"2022-12-03",0,0,0,0,0,0,0,0,0,0,"2019-01-17",0,0,0,0,0,0,0,0,0,0
"2022-12-04",0,0,0,0,0,0,0,0,0,0,"2019-01-18",0,0,0,0,0,0,0,0,0,0
"2022-12-05",0,0,0,0,0,0,0,0,0,0,"2019-01-19",0,0,0,0,0,0,0,0,0,0
"2022-12-06",1,140,0,0,140,7.5,0,0,0,147.5,"2019-01-20",0,0,0,0,0,0,0,0,0,0
"2022-12-07",1,95,0,0,95,7.5,0,0,0,102.5,"2019-01-21",0,0,0,0,0,0,0,0,0,0
"2022-12-08",0,0,0,0,0,0,0,0,0,0,"2019-01-22",0,0,0,0,0,0,0,0,0,0
"2022-12-09",1,68,0,0,68,7.5,0,0,0,75.5,"2019-01-23",0,0,0,0,0,0,0,0,0,0
"2022-12-10",0,0,0,0,0,0,0,0,0,0,"2019-01-24",0,0,0,0,0,0,0,0,0,0
"2022-12-11",0,0,0,0,0,0,0,0,0,0,"2019-01-25",0,0,0,0,0,0,0,0,0,0
"2022-12-12",0,0,0,0,0,0,0,0,0,0,"2019-01-26",0,0,0,0,0,0,0,0,0,0
"2022-12-13",0,0,0,0,0,0,0,0,0,0,"2019-01-27",0,0,0,0,0,0,0,0,0,0
"2022-12-14",0,0,0,0,0,0,0,0,0,0,"2019-01-28",0,0,0,0,0,0,0,0,0,0
"2022-12-15",1,75,0,0,75,7.5,0,0,0,82.5,"2019-01-29",0,0,0,0,0,0,0,0,0,0
"2022-12-16",0,0,0,0,0,0,0,0,0,0,"2019-01-30",0,0,0,0,0,0,0,0,0,0
"2022-12-17",1,26,0,0,26,7.5,0,0,0,33.5,"2019-01-31",0,0,0,0,0,0,0,0,0,0
"2022-12-18",1,22,0,0,22,7.5,0,0,0,29.5,"2019-02-01",0,0,0,0,0,0,0,0,0,0
"2022-12-19",1,16,0,0,16,7.5,0,0,0,23.5,"2019-02-02",0,0,0,0,0,0,0,0,0,0
"2022-12-20",1,165,0,0,165,7.5,0,0,0,172.5,"2019-02-03",0,0,0,0,0,0,0,0,0,0
"2022-12-21",0,0,0,0,0,0,0,0,0,0,"2019-02-04",0,0,0,0,0,0,0,0,0,0
"2022-12-22",0,0,0,0,0,0,0,0,0,0,"2019-02-05",0,0,0,0,0,0,0,0,0,0
"2022-12-23",0,0,0,0,0,0,0,0,0,0,"2019-02-06",0,0,0,0,0,0,0,0,0,0
"2022-12-24",1,22,0,0,22,7.5,0,0,0,29.5,"2019-02-07",0,0,0,0,0,0,0,0,0,0
"2022-12-25",0,0,0,0,0,0,0,0,0,0,"2019-02-08",0,0,0,0,0,0,0,0,0,0
"2022-12-26",0,0,0,0,0,0,0,0,0,0,"2019-02-09",0,0,0,0,0,0,0,0,0,0
"2022-12-27",0,0,0,0,0,0,0,0,0,0,"2019-02-10",0,0,0,0,0,0,0,0,0,0
"2022-12-28",0,0,0,0,0,0,0,0,0,0,"2019-02-11",0,0,0,0,0,0,0,0,0,0
"2022-12-29",0,0,0,0,0,0,0,0,0,0,"2019-02-12",0,0,0,0,0,0,0,0,0,0
"2022-12-30",0,0,0,0,0,0,0,0,0,0,"2019-02-13",0,0,0,0,0,0,0,0,0,0
"2022-12-31",0,0,0,0,0,0,0,0,0,0,"2019-02-14",0,0,0,0,0,0,0,0,0,0
"2023-01-01",1,32,-4.8,0,27.2,7.5,0,0,0,34.7,"2019-02-15",0,0,0,0,0,0,0,0,0,0
"2023-01-02",0,0,0,0,0,0,0,0,0,0,"2019-02-16",0,0,0,0,0,0,0,0,0,0
"2023-01-03",1,210,0,0,210,7.5,0,0,0,217.5,"2019-02-17",0,0,0,0,0,0,0,0,0,0
"2023-01-04",1,272,0,0,272,7.5,0,0,0,279.5,"2019-02-18",0,0,0,0,0,0,0,0,0,0
"2023-01-05",2,58,0,0,58,7.5,0,0,0,65.5,"2019-02-19",0,0,0,0,0,0,0,0,0,0
"2023-01-06",0,0,0,0,0,0,0,0,0,0,"2019-02-20",0,0,0,0,0,0,0,0,0,0
"2023-01-07",0,0,0,0,0,0,0,0,0,0,"2019-02-21",0,0,0,0,0,0,0,0,0,0
"2023-01-08",0,0,0,0,0,0,0,0,0,0,"2019-02-22",0,0,0,0,0,0,0,0,0,0
"2023-01-09",0,0,0,0,0,0,0,0,0,0,"2019-02-23",0,0,0,0,0,0,0,0,0,0
"2023-01-10",0,0,0,0,0,0,0,0,0,0,"2019-02-24",0,0,0,0,0,0,0,0,0,0
"2023-01-11",0,0,0,0,0,0,0,0,0,0,"2019-02-25",0,0,0,0,0,0,0,0,0,0
"2023-01-12",1,89,0,0,89,7.5,0,0,0,96.5,"2019-02-26",0,0,0,0,0,0,0,0,0,0
"2023-01-13",0,0,0,0,0,0,0,0,0,0,"2019-02-27",0,0,0,0,0,0,0,0,0,0
"2023-01-14",0,0,0,0,0,0,0,0,0,0,"2019-02-28",0,0,0,0,0,0,0,0,0,0
"2023-01-15",0,0,0,0,0,0,0,0,0,0,"2019-03-01",0,0,0,0,0,0,0,0,0,0
"2023-01-16",0,0,0,0,0,0,0,0,0,0,"2019-03-02",0,0,0,0,0,0,0,0,0,0
"2023-01-17",0,0,0,0,0,0,0,0,0,0,"2019-03-03",0,0,0,0,0,0,0,0,0,0
"2023-01-18",0,0,0,0,0,0,0,0,0,0,"2019-03-04",0,0,0,0,0,0,0,0,0,0
"2023-01-19",0,0,0,0,0,0,0,0,0,0,"2019-03-05",0,0,0,0,0,0,0,0,0,0
"2023-01-20",0,0,0,0,0,0,0,0,0,0,"2019-03-06",0,0,0,0,0,0,0,0,0,0
"2023-01-21",0,0,0,0,0,0,0,0,0,0,"2019-03-07",0,0,0,0,0,0,0,0,0,0
"2023-01-22",0,0,0,0,0,0,0,0,0,0,"2019-03-08",0,0,0,0,0,0,0,0,0,0
"2023-01-23",0,0,0,0,0,0,0,0,0,0,"2019-03-09",0,0,0,0,0,0,0,0,0,0
"2023-01-24",0,0,0,0,0,0,0,0,0,0,"2019-03-10",0,0,0,0,0,0,0,0,0,0
"2023-01-25",0,0,0,0,0,0,0,0,0,0,"2019-03-11",0,0,0,0,0,0,0,0,0,0
"2023-01-26",0,0,0,0,0,0,0,0,0,0,"2019-03-12",0,0,0,0,0,0,0,0,0,0
"2023-01-27",0,0,0,0,0,0,0,0,0,0,"2019-03-13",0,0,0,0,0,0,0,0,0,0
"2023-01-28",0,0,0,0,0,0,0,0,0,0,"2019-03-14",0,0,0,0,0,0,0,0,0,0
"2023-01-29",0,0,0,0,0,0,0,0,0,0,"2019-03-15",0,0,0,0,0,0,0,0,0,0
"2023-01-30",0,0,0,0,0,0,0,0,0,0,"2019-03-16",0,0,0,0,0,0,0,0,0,0
"2023-01-31",0,0,0,0,0,0,0,0,0,0,"2019-03-17",0,0,0,0,0,0,0,0,0,0
"2023-02-01",0,0,0,0,0,0,0,0,0,0,"2019-03-18",0,0,0,0,0,0,0,0,0,0
"2023-02-02",0,0,0,0,0,0,0,0,0,0,"2019-03-19",0,0,0,0,0,0,0,0,0,0
"2023-02-03",0,0,0,0,0,0,0,0,0,0,"2019-03-20",0,0,0,0,0,0,0,0,0,0
"2023-02-04",0,0,0,0,0,0,0,0,0,0,"2019-03-21",0,0,0,0,0,0,0,0,0,0
"2023-02-05",0,0,0,0,0,0,0,0,0,0,"2019-03-22",0,0,0,0,0,0,0,0,0,0
"2023-02-06",1,1128,0,0,1128,7.5,0,0,0,1135.5,"2019-03-23",0,0,0,0,0,0,0,0,0,0
"2023-02-07",0,0,0,0,0,0,0,0,0,0,"2019-03-24",0,0,0,0,0,0,0,0,0,0
"2023-02-08",0,0,0,0,0,0,0,0,0,0,"2019-03-25",0,0,0,0,0,0,0,0,0,0
"2023-02-09",0,0,0,0,0,0,0,0,0,0,"2019-03-26",0,0,0,0,0,0,0,0,0,0
"2023-02-10",0,0,0,0,0,0,0,0,0,0,"2019-03-27",0,0,0,0,0,0,0,0,0,0
"2023-02-11",0,0,0,0,0,0,0,0,0,0,"2019-03-28",0,0,0,0,0,0,0,0,0,0
"2023-02-12",0,0,0,0,0,0,0,0,0,0,"2019-03-29",0,0,0,0,0,0,0,0,0,0
"2023-02-13",0,0,0,0,0,0,0,0,0,0,"2019-03-30",0,0,0,0,0,0,0,0,0,0
"2023-02-14",0,0,0,0,0,0,0,0,0,0,"2019-03-31",0,0,0,0,0,0,0,0,0,0
"2023-02-15",0,0,0,0,0,0,0,0,0,0,"2019-04-01",0,0,0,0,0,0,0,0,0,0
"2023-02-16",0,0,0,0,0,0,0,0,0,0,"2019-04-02",0,0,0,0,0,0,0,0,0,0
"2023-02-17",0,0,0,0,0,0,0,0,0,0,"2019-04-03",0,0,0,0,0,0,0,0,0,0
"2023-02-18",0,0,0,0,0,0,0,0,0,0,"2019-04-04",0,0,0,0,0,0,0,0,0,0
"2023-02-19",0,0,0,0,0,0,0,0,0,0,"2019-04-05",0,0,0,0,0,0,0,0,0,0
"2023-02-20",0,0,0,0,0,0,0,0,0,0,"2019-04-06",0,0,0,0,0,0,0,0,0,0
"2023-02-21",0,0,0,0,0,0,0,0,0,0,"2019-04-07",0,0,0,0,0,0,0,0,0,0
"2023-02-22",0,0,0,0,0,0,0,0,0,0,"2019-04-08",0,0,0,0,0,0,0,0,0,0
"2023-02-23",0,0,0,0,0,0,0,0,0,0,"2019-04-09",0,0,0,0,0,0,0,0,0,0
"2023-02-24",0,0,0,0,0,0,0,0,0,0,"2019-04-10",0,0,0,0,0,0,0,0,0,0
"2023-02-25",0,0,0,0,0,0,0,0,0,0,"2019-04-11",0,0,0,0,0,0,0,0,0,0
"2023-02-26",0,0,0,0,0,0,0,0,0,0,"2019-04-12",0,0,0,0,0,0,0,0,0,0
"2023-02-27",1,32,0,0,32,7.5,0,0,0,39.5,"2019-04-13",0,0,0,0,0,0,0,0,0,0
"2023-02-28",0,0,0,0,0,0,0,0,0,0,"2019-04-14",0,0,0,0,0,0,0,0,0,0
"2023-03-01",0,0,0,-8,-8,0,0,0,0,-8,"2019-04-15",0,0,0,0,0,0,0,0,0,0
"2023-03-02",0,0,0,0,0,0,0,0,0,0,"2019-04-16",0,0,0,0,0,0,0,0,0,0
"2023-03-03",0,0,0,0,0,0,0,0,0,0,"2019-04-17",0,0,0,0,0,0,0,0,0,0
"2023-03-04",0,0,0,0,0,0,0,0,0,0,"2019-04-18",0,0,0,0,0,0,0,0,0,0
"2023-03-05",1,60,0,0,60,7.5,0,0,0,67.5,"2019-04-19",0,0,0,0,0,0,0,0,0,0
"2023-03-06",0,0,0,0,0,0,0,0,0,0,"2019-04-20",0,0,0,0,0,0,0,0,0,0
"2023-03-07",0,0,0,0,0,0,0,0,0,0,"2019-04-21",0,0,0,0,0,0,0,0,0,0
"2023-03-08",0,0,0,0,0,0,0,0,0,0,"2019-04-22",0,0,0,0,0,0,0,0,0,0
"2023-03-09",0,0,0,0,0,0,0,0,0,0,"2019-04-23",0,0,0,0,0,0,0,0,0,0
"2023-03-10",0,0,0,0,0,0,0,0,0,0,"2019-04-24",0,0,0,0,0,0,0,0,0,0
"2023-03-11",0,0,0,0,0,0,0,0,0,0,"2019-04-25",0,0,0,0,0,0,0,0,0,0
"2023-03-12",0,0,0,0,0,0,0,0,0,0,"2019-04-26",0,0,0,0,0,0,0,0,0,0
"2023-03-13",0,0,0,0,0,0,0,0,0,0,"2019-04-27",0,0,0,0,0,0,0,0,0,0
"2023-03-14",0,0,0,0,0,0,0,0,0,0,"2019-04-28",0,0,0,0,0,0,0,0,0,0
"2023-03-15",0,0,0,0,0,0,0,0,0,0,"2019-04-29",0,0,0,0,0,0,0,0,0,0
"2023-03-16",0,0,0,0,0,0,0,0,0,0,"2019-04-30",0,0,0,0,0,0,0,0,0,0
"2023-03-17",0,0,0,0,0,0,0,0,0,0,"2019-05-01",0,0,0,0,0,0,0,0,0,0
"2023-03-18",0,0,0,0,0,0,0,0,0,0,"2019-05-02",0,0,0,0,0,0,0,0,0,0
"2023-03-19",0,0,0,0,0,0,0,0,0,0,"2019-05-03",0,0,0,0,0,0,0,0,0,0
"2023-03-20",0,0,0,0,0,0,0,0,0,0,"2019-05-04",0,0,0,0,0,0,0,0,0,0
"2023-03-21",0,0,0,0,0,0,0,0,0,0,"2019-05-05",0,0,0,0,0,0,0,0,0,0
"2023-03-22",0,0,0,0,0,0,0,0,0,0,"2019-05-06",0,0,0,0,0,0,0,0,0,0
"2023-03-23",0,0,0,0,0,0,0,0,0,0,"2019-05-07",0,0,0,0,0,0,0,0,0,0
"2023-03-24",0,0,0,0,0,0,0,0,0,0,"2019-05-08",0,0,0,0,0,0,0,0,0,0
"2023-03-25",0,0,0,0,0,0,0,0,0,0,"2019-05-09",0,0,0,0,0,0,0,0,0,0
"2023-03-26",0,0,0,0,0,0,0,0,0,0,"2019-05-10",0,0,0,0,0,0,0,0,0,0
"2023-03-27",0,0,0,0,0,0,0,0,0,0,"2019-05-11",0,0,0,0,0,0,0,0,0,0
"2023-03-28",0,0,0,0,0,0,0,0,0,0,"2019-05-12",0,0,0,0,0,0,0,0,0,0
"2023-03-29",0,0,0,0,0,0,0,0,0,0,"2019-05-13",0,0,0,0,0,0,0,0,0,0
"2023-03-30",0,0,0,0,0,0,0,0,0,0,"2019-05-14",0,0,0,0,0,0,0,0,0,0
"2023-03-31",0,0,0,0,0,0,0,0,0,0,"2019-05-15",0,0,0,0,0,0,0,0,0,0
"2023-04-01",0,0,0,0,0,0,0,0,0,0,"2019-05-16",0,0,0,0,0,0,0,0,0,0
"2023-04-02",0,0,0,0,0,0,0,0,0,0,"2019-05-17",0,0,0,0,0,0,0,0,0,0
"2023-04-03",0,0,0,0,0,0,0,0,0,0,"2019-05-18",0,0,0,0,0,0,0,0,0,0
"2023-04-04",0,0,0,0,0,0,0,0,0,0,"2019-05-19",0,0,0,0,0,0,0,0,0,0
"2023-04-05",1,464,0,0,464,7.5,0,0,0,471.5,"2019-05-20",0,0,0,0,0,0,0,0,0,0
"2023-04-06",0,0,0,0,0,0,0,0,0,0,"2019-05-21",0,0,0,0,0,0,0,0,0,0
"2023-04-07",0,0,0,0,0,0,0,0,0,0,"2019-05-22",0,0,0,0,0,0,0,0,0,0
"2023-04-08",0,0,0,0,0,0,0,0,0,0,"2019-05-23",0,0,0,0,0,0,0,0,0,0
"2023-04-09",0,0,0,0,0,0,0,0,0,0,"2019-05-24",0,0,0,0,0,0,0,0,0,0
"2023-04-10",1,34,0,0,34,7.5,0,0,0,41.5,"2019-05-25",0,0,0,0,0,0,0,0,0,0
"2023-04-11",0,0,0,0,0,0,0,0,0,0,"2019-05-26",0,0,0,0,0,0,0,0,0,0
"2023-04-12",0,0,0,0,0,0,0,0,0,0,"2019-05-27",0,0,0,0,0,0,0,0,0,0
"2023-04-13",1,34,0,0,34,7.5,0,0,0,41.5,"2019-05-28",0,0,0,0,0,0,0,0,0,0
"2023-04-14",0,0,0,0,0,0,0,0,0,0,"2019-05-29",0,0,0,0,0,0,0,0,0,0
"2023-04-15",0,0,0,0,0,0,0,0,0,0,"2019-05-30",0,0,0,0,0,0,0,0,0,0
"2023-04-16",0,0,0,0,0,0,0,0,0,0,"2019-05-31",0,0,0,0,0,0,0,0,0,0
"2023-04-17",1,242,0,0,242,7.5,0,0,0,249.5,"2019-06-01",0,0,0,0,0,0,0,0,0,0
"2023-04-18",1,70,0,0,70,7.5,0,0,0,77.5,"2019-06-02",0,0,0,0,0,0,0,0,0,0
"2023-04-19",0,0,0,0,0,0,0,0,0,0,"2019-06-03",0,0,0,0,0,0,0,0,0,0
"2023-04-20",0,0,0,0,0,0,0,0,0,0,"2019-06-04",0,0,0,0,0,0,0,0,0,0
"2023-04-21",0,0,0,0,0,0,0,0,0,0,"2019-06-05",0,0,0,0,0,0,0,0,0,0
"2023-04-22",0,0,0,0,0,0,0,0,0,0,"2019-06-06",0,0,0,0,0,0,0,0,0,0
"2023-04-23",1,35,0,0,35,7.5,0,0,0,42.5,"2019-06-07",0,0,0,0,0,0,0,0,0,0
"2023-04-24",0,0,0,0,0,0,0,0,0,0,"2019-06-08",0,0,0,0,0,0,0,0,0,0
"2023-04-25",0,0,0,0,0,0,0,0,0,0,"2019-06-09",0,0,0,0,0,0,0,0,0,0
"2023-04-26",0,0,0,0,0,0,0,0,0,0,"2019-06-10",0,0,0,0,0,0,0,0,0,0
"2023-04-27",0,0,0,0,0,0,0,0,0,0,"2019-06-11",0,0,0,0,0,0,0,0,0,0
"2023-04-28",0,0,0,0,0,0,0,0,0,0,"2019-06-12",0,0,0,0,0,0,0,0,0,0
"2023-04-29",0,0,0,0,0,0,0,0,0,0,"2019-06-13",0,0,0,0,0,0,0,0,0,0
"2023-04-30",0,0,0,0,0,0,0,0,0,0,"2019-06-14",0,0,0,0,0,0,0,0,0,0
"2023-05-01",0,0,0,0,0,0,0,0,0,0,"2019-06-15",0,0,0,0,0,0,0,0,0,0
"2023-05-02",0,0,0,0,0,0,0,0,0,0,"2019-06-16",0,0,0,0,0,0,0,0,0,0
"2023-05-03",0,0,0,0,0,0,0,0,0,0,"2019-06-17",0,0,0,0,0,0,0,0,0,0
"2023-05-04",0,0,0,0,0,0,0,0,0,0,"2019-06-18",0,0,0,0,0,0,0,0,0,0
"2023-05-05",0,0,0,0,0,0,0,0,0,0,"2019-06-19",0,0,0,0,0,0,0,0,0,0
"2023-05-06",0,0,0,0,0,0,0,0,0,0,"2019-06-20",0,0,0,0,0,0,0,0,0,0
"2023-05-07",0,0,0,0,0,0,0,0,0,0,"2019-06-21",0,0,0,0,0,0,0,0,0,0
"2023-05-08",0,0,0,0,0,0,0,0,0,0,"2019-06-22",0,0,0,0,0,0,0,0,0,0
"2023-05-09",0,0,0,0,0,0,0,0,0,0,"2019-06-23",0,0,0,0,0,0,0,0,0,0
"2023-05-10",0,0,0,0,0,0,0,0,0,0,"2019-06-24",0,0,0,0,0,0,0,0,0,0
"2023-05-11",0,0,0,0,0,0,0,0,0,0,"2019-06-25",0,0,0,0,0,0,0,0,0,0
"2023-05-12",0,0,0,0,0,0,0,0,0,0,"2019-06-26",0,0,0,0,0,0,0,0,0,0
"2023-05-13",0,0,0,0,0,0,0,0,0,0,"2019-06-27",0,0,0,0,0,0,0,0,0,0
"2023-05-14",0,0,0,0,0,0,0,0,0,0,"2019-06-28",0,0,0,0,0,0,0,0,0,0
"2023-05-15",0,0,0,0,0,0,0,0,0,0,"2019-06-29",0,0,0,0,0,0,0,0,0,0
"2023-05-16",0,0,0,0,0,0,0,0,0,0,"2019-06-30",0,0,0,0,0,0,0,0,0,0
"2023-05-17",0,0,0,0,0,0,0,0,0,0,"2019-07-01",0,0,0,0,0,0,0,0,0,0
"2023-05-18",0,0,0,0,0,0,0,0,0,0,"2019-07-02",0,0,0,0,0,0,0,0,0,0
"2023-05-19",0,0,0,0,0,0,0,0,0,0,"2019-07-03",0,0,0,0,0,0,0,0,0,0
"2023-05-20",0,0,0,0,0,0,0,0,0,0,"2019-07-04",0,0,0,0,0,0,0,0,0,0
"2023-05-21",0,0,0,0,0,0,0,0,0,0,"2019-07-05",0,0,0,0,0,0,0,0,0,0
"2023-05-22",0,0,0,0,0,0,0,0,0,0,"2019-07-06",0,0,0,0,0,0,0,0,0,0
"2023-05-23",0,0,0,0,0,0,0,0,0,0,"2019-07-07",0,0,0,0,0,0,0,0,0,0
"2023-05-24",0,0,0,0,0,0,0,0,0,0,"2019-07-08",0,0,0,0,0,0,0,0,0,0
"2023-05-25",0,0,0,0,0,0,0,0,0,0,"2019-07-09",0,0,0,0,0,0,0,0,0,0
"2023-05-26",0,0,0,0,0,0,0,0,0,0,"2019-07-10",0,0,0,0,0,0,0,0,0,0
"2023-05-27",0,0,0,0,0,0,0,0,0,0,"2019-07-11",0,0,0,0,0,0,0,0,0,0
"2023-05-28",1,80,0,0,80,7.5,0,0,0,87.5,"2019-07-12",0,0,0,0,0,0,0,0,0,0
"2023-05-29",0,0,0,0,0,0,0,0,0,0,"2019-07-13",0,0,0,0,0,0,0,0,0,0
"2023-05-30",0,0,0,0,0,0,0,0,0,0,"2019-07-14",0,0,0,0,0,0,0,0,0,0
"2023-05-31",0,0,0,0,0,0,0,0,0,0,"2019-07-15",0,0,0,0,0,0,0,0,0,0
"2023-06-01",0,0,0,0,0,0,0,0,0,0,"2019-07-16",0,0,0,0,0,0,0,0,0,0
"2023-06-02",0,0,0,0,0,0,0,0,0,0,"2019-07-17",0,0,0,0,0,0,0,0,0,0
"2023-06-03",0,0,0,0,0,0,0,0,0,0,"2019-07-18",0,0,0,0,0,0,0,0,0,0
"2023-06-04",0,0,0,0,0,0,0,0,0,0,"2019-07-19",0,0,0,0,0,0,0,0,0,0
"2023-06-05",0,0,0,0,0,0,0,0,0,0,"2019-07-20",0,0,0,0,0,0,0,0,0,0
"2023-06-06",0,0,0,0,0,0,0,0,0,0,"2019-07-21",0,0,0,0,0,0,0,0,0,0
"2023-06-07",0,0,0,0,0,0,0,0,0,0,"2019-07-22",0,0,0,0,0,0,0,0,0,0
"2023-06-08",0,0,0,0,0,0,0,0,0,0,"2019-07-23",0,0,0,0,0,0,0,0,0,0
"2023-06-09",0,0,0,0,0,0,0,0,0,0,"2019-07-24",0,0,0,0,0,0,0,0,0,0
"2023-06-10",0,0,0,0,0,0,0,0,0,0,"2019-07-25",0,0,0,0,0,0,0,0,0,0
"2023-06-11",2,352,0,0,352,15,0,0,0,367,"2019-07-26",0,0,0,0,0,0,0,0,0,0
"2023-06-12",0,0,0,0,0,0,0,0,0,0,"2019-07-27",0,0,0,0,0,0,0,0,0,0
"2023-06-13",0,0,0,0,0,0,0,0,0,0,"2019-07-28",0,0,0,0,0,0,0,0,0,0
"2023-06-14",0,0,0,0,0,0,0,0,0,0,"2019-07-29",0,0,0,0,0,0,0,0,0,0
"2023-06-15",0,0,0,0,0,0,0,0,0,0,"2019-07-30",0,0,0,0,0,0,0,0,0,0
"2023-06-16",0,0,0,0,0,0,0,0,0,0,"2019-07-31",0,0,0,0,0,0,0,0,0,0
"2023-06-17",0,0,0,0,0,0,0,0,0,0,"2019-08-01",0,0,0,0,0,0,0,0,0,0
"2023-06-18",0,0,0,0,0,0,0,0,0,0,"2019-08-02",0,0,0,0,0,0,0,0,0,0
"2023-06-19",0,0,0,0,0,0,0,0,0,0,"2019-08-03",0,0,0,0,0,0,0,0,0,0
"2023-06-20",1,112,0,0,112,7.5,0,0,0,119.5,"2019-08-04",0,0,0,0,0,0,0,0,0,0
"2023-06-21",0,0,0,0,0,0,0,0,0,0,"2019-08-05",0,0,0,0,0,0,0,0,0,0
"2023-06-22",0,0,0,0,0,0,0,0,0,0,"2019-08-06",0,0,0,0,0,0,0,0,0,0
"2023-06-23",0,0,0,0,0,0,0,0,0,0,"2019-08-07",0,0,0,0,0,0,0,0,0,0
"2023-06-24",0,0,0,0,0,0,0,0,0,0,"2019-08-08",0,0,0,0,0,0,0,0,0,0
"2023-06-25",0,0,0,0,0,0,0,0,0,0,"2019-08-09",0,0,0,0,0,0,0,0,0,0
"2023-06-26",0,0,0,0,0,0,0,0,0,0,"2019-08-10",0,0,0,0,0,0,0,0,0,0
"2023-06-27",0,0,0,0,0,0,0,0,0,0,"2019-08-11",0,0,0,0,0,0,0,0,0,0
"2023-06-28",0,0,0,0,0,0,0,0,0,0,"2019-08-12",0,0,0,0,0,0,0,0,0,0
"2023-06-29",0,0,0,0,0,0,0,0,0,0,"2019-08-13",0,0,0,0,0,0,0,0,0,0
"2023-06-30",0,0,0,0,0,0,0,0,0,0,"2019-08-14",0,0,0,0,0,0,0,0,0,0
"2023-07-01",0,0,0,0,0,0,0,0,0,0,"2019-08-15",0,0,0,0,0,0,0,0,0,0
"2023-07-02",0,0,0,0,0,0,0,0,0,0,"2019-08-16",0,0,0,0,0,0,0,0,0,0
"2023-07-03",0,0,0,0,0,0,0,0,0,0,"2019-08-17",0,0,0,0,0,0,0,0,0,0
"2023-07-04",0,0,0,0,0,0,0,0,0,0,"2019-08-18",0,0,0,0,0,0,0,0,0,0
"2023-07-05",0,0,0,0,0,0,0,0,0,0,"2019-08-19",0,0,0,0,0,0,0,0,0,0
"2023-07-06",0,0,0,0,0,0,0,0,0,0,"2019-08-20",0,0,0,0,0,0,0,0,0,0
"2023-07-07",0,0,0,0,0,0,0,0,0,0,"2019-08-21",0,0,0,0,0,0,0,0,0,0
"2023-07-08",0,0,0,0,0,0,0,0,0,0,"2019-08-22",0,0,0,0,0,0,0,0,0,0
"2023-07-09",0,0,0,0,0,0,0,0,0,0,"2019-08-23",0,0,0,0,0,0,0,0,0,0
"2023-07-10",0,0,0,0,0,0,0,0,0,0,"2019-08-24",0,0,0,0,0,0,0,0,0,0
"2023-07-11",0,0,0,0,0,0,0,0,0,0,"2019-08-25",0,0,0,0,0,0,0,0,0,0
"2023-07-12",0,0,0,0,0,0,0,0,0,0,"2019-08-26",0,0,0,0,0,0,0,0,0,0
"2023-07-13",0,0,0,0,0,0,0,0,0,0,"2019-08-27",0,0,0,0,0,0,0,0,0,0
"2023-07-14",0,0,0,0,0,0,0,0,0,0,"2019-08-28",0,0,0,0,0,0,0,0,0,0
"2023-07-15",0,0,0,0,0,0,0,0,0,0,"2019-08-29",0,0,0,0,0,0,0,0,0,0
"2023-07-16",0,0,0,0,0,0,0,0,0,0,"2019-08-30",0,0,0,0,0,0,0,0,0,0
"2023-07-17",0,0,0,0,0,0,0,0,0,0,"2019-08-31",0,0,0,0,0,0,0,0,0,0
"2023-07-18",0,0,0,0,0,0,0,0,0,0,"2019-09-01",0,0,0,0,0,0,0,0,0,0
"2023-07-19",0,0,0,0,0,0,0,0,0,0,"2019-09-02",0,0,0,0,0,0,0,0,0,0
"2023-07-20",1,142,0,0,142,7.5,0,0,0,149.5,"2019-09-03",0,0,0,0,0,0,0,0,0,0
"2023-07-21",0,0,0,0,0,0,0,0,0,0,"2019-09-04",0,0,0,0,0,0,0,0,0,0
"2023-07-22",0,0,0,0,0,0,0,0,0,0,"2019-09-05",0,0,0,0,0,0,0,0,0,0
"2023-07-23",0,0,0,0,0,0,0,0,0,0,"2019-09-06",0,0,0,0,0,0,0,0,0,0
"2023-07-24",0,0,0,0,0,0,0,0,0,0,"2019-09-07",0,0,0,0,0,0,0,0,0,0
"2023-07-25",0,0,0,0,0,0,0,0,0,0,"2019-09-08",0,0,0,0,0,0,0,0,0,0
"2023-07-26",0,0,0,0,0,0,0,0,0,0,"2019-09-09",0,0,0,0,0,0,0,0,0,0
"2023-07-27",0,0,0,0,0,0,0,0,0,0,"2019-09-10",0,0,0,0,0,0,0,0,0,0
"2023-07-28",0,0,0,0,0,0,0,0,0,0,"2019-09-11",0,0,0,0,0,0,0,0,0,0
"2023-07-29",0,0,0,0,0,0,0,0,0,0,"2019-09-12",0,0,0,0,0,0,0,0,0,0
"2023-07-30",0,0,0,0,0,0,0,0,0,0,"2019-09-13",0,0,0,0,0,0,0,0,0,0
"2023-07-31",1,95,0,0,95,7.5,0,0,0,102.5,"2019-09-14",0,0,0,0,0,0,0,0,0,0
"2023-08-01",0,0,0,0,0,0,0,0,0,0,"2019-09-15",0,0,0,0,0,0,0,0,0,0
"2023-08-02",0,0,0,0,0,0,0,0,0,0,"2019-09-16",0,0,0,0,0,0,0,0,0,0
"2023-08-03",0,0,0,0,0,0,0,0,0,0,"2019-09-17",0,0,0,0,0,0,0,0,0,0
"2023-08-04",0,0,0,0,0,0,0,0,0,0,"2019-09-18",0,0,0,0,0,0,0,0,0,0
"2023-08-05",0,0,0,0,0,0,0,0,0,0,"2019-09-19",0,0,0,0,0,0,0,0,0,0
"2023-08-06",1,28,0,0,28,7.5,0,0,0,35.5,"2019-09-20",0,0,0,0,0,0,0,0,0,0
"2023-08-07",0,0,0,0,0,0,0,0,0,0,"2019-09-21",0,0,0,0,0,0,0,0,0,0
"2023-08-08",0,0,0,0,0,0,0,0,0,0,"2019-09-22",0,0,0,0,0,0,0,0,0,0
"2023-08-09",0,0,0,0,0,0,0,0,0,0,"2019-09-23",0,0,0,0,0,0,0,0,0,0
"2023-08-10",0,0,0,0,0,0,0,0,0,0,"2019-09-24",0,0,0,0,0,0,0,0,0,0
"2023-08-11",1,30,0,-28,2,7.5,0,0,0,9.5,"2019-09-25",0,0,0,0,0,0,0,0,0,0
"2023-08-12",0,0,0,0,0,0,0,0,0,0,"2019-09-26",0,0,0,0,0,0,0,0,0,0
"2023-08-13",0,0,0,0,0,0,0,0,0,0,"2019-09-27",0,0,0,0,0,0,0,0,0,0
"2023-08-14",0,0,0,0,0,0,0,0,0,0,"2019-09-28",0,0,0,0,0,0,0,0,0,0
"2023-08-15",0,0,0,0,0,0,0,0,0,0,"2019-09-29",0,0,0,0,0,0,0,0,0,0
"2023-08-16",0,0,0,0,0,0,0,0,0,0,"2019-09-30",0,0,0,0,0,0,0,0,0,0
"2023-08-17",0,0,0,0,0,0,0,0,0,0,"2019-10-01",0,0,0,0,0,0,0,0,0,0
"2023-08-18",0,0,0,0,0,0,0,0,0,0,"2019-10-02",0,0,0,0,0,0,0,0,0,0
"2023-08-19",0,0,0,0,0,0,0,0,0,0,"2019-10-03",0,0,0,0,0,0,0,0,0,0
"2023-08-20",0,0,0,0,0,0,0,0,0,0,"2019-10-04",0,0,0,0,0,0,0,0,0,0
"2023-08-21",0,0,0,0,0,0,0,0,0,0,"2019-10-05",0,0,0,0,0,0,0,0,0,0
"2023-08-22",1,24,0,0,24,7.5,0,0,0,31.5,"2019-10-06",0,0,0,0,0,0,0,0,0,0
"2023-08-23",0,0,0,0,0,0,0,0,0,0,"2019-10-07",0,0,0,0,0,0,0,0,0,0
"2023-08-24",0,0,0,0,0,0,0,0,0,0,"2019-10-08",0,0,0,0,0,0,0,0,0,0
"2023-08-25",0,0,0,0,0,0,0,0,0,0,"2019-10-09",0,0,0,0,0,0,0,0,0,0
"2023-08-26",0,0,0,0,0,0,0,0,0,0,"2019-10-10",0,0,0,0,0,0,0,0,0,0
"2023-08-27",0,0,0,-24,-24,-7.5,0,0,0,-31.5,"2019-10-11",0,0,0,0,0,0,0,0,0,0
"2023-08-28",0,0,0,0,0,0,0,0,0,0,"2019-10-12",0,0,0,0,0,0,0,0,0,0
"2023-08-29",0,0,0,0,0,0,0,0,0,0,"2019-10-13",0,0,0,0,0,0,0,0,0,0
"2023-08-30",0,0,0,0,0,0,0,0,0,0,"2019-10-14",0,0,0,0,0,0,0,0,0,0
"2023-08-31",0,0,0,0,0,0,0,0,0,0,"2019-10-15",0,0,0,0,0,0,0,0,0,0
"2023-09-01",0,0,0,0,0,0,0,0,0,0,"2019-10-16",0,0,0,0,0,0,0,0,0,0
"2023-09-02",0,0,0,0,0,0,0,0,0,0,"2019-10-17",0,0,0,0,0,0,0,0,0,0
"2023-09-03",0,0,0,0,0,0,0,0,0,0,"2019-10-18",0,0,0,0,0,0,0,0,0,0
"2023-09-04",0,0,0,0,0,0,0,0,0,0,"2019-10-19",0,0,0,0,0,0,0,0,0,0
"2023-09-05",0,0,0,0,0,0,0,0,0,0,"2019-10-20",0,0,0,0,0,0,0,0,0,0
"2023-09-06",0,0,0,0,0,0,0,0,0,0,"2019-10-21",0,0,0,0,0,0,0,0,0,0
"2023-09-07",0,0,0,0,0,0,0,0,0,0,"2019-10-22",0,0,0,0,0,0,0,0,0,0
"2023-09-08",0,0,0,0,0,0,0,0,0,0,"2019-10-23",0,0,0,0,0,0,0,0,0,0
"2023-09-09",0,0,0,0,0,0,0,0,0,0,"2019-10-24",0,0,0,0,0,0,0,0,0,0
"2023-09-10",0,0,0,0,0,0,0,0,0,0,"2019-10-25",0,0,0,0,0,0,0,0,0,0
"2023-09-11",0,0,0,0,0,0,0,0,0,0,"2019-10-26",0,0,0,0,0,0,0,0,0,0
"2023-09-12",0,0,0,0,0,0,0,0,0,0,"2019-10-27",0,0,0,0,0,0,0,0,0,0
"2023-09-13",0,0,0,0,0,0,0,0,0,0,"2019-10-28",0,0,0,0,0,0,0,0,0,0
"2023-09-14",0,0,0,0,0,0,0,0,0,0,"2019-10-29",0,0,0,0,0,0,0,0,0,0
"2023-09-15",0,0,0,0,0,0,0,0,0,0,"2019-10-30",0,0,0,0,0,0,0,0,0,0
"2023-09-16",0,0,0,0,0,0,0,0,0,0,"2019-10-31",0,0,0,0,0,0,0,0,0,0
"2023-09-17",1,136,0,0,136,7.5,0,0,0,143.5,"2019-11-01",0,0,0,0,0,0,0,0,0,0
"2023-09-18",0,0,0,-136,-136,-7.5,0,0,0,-143.5,"2019-11-02",0,0,0,0,0,0,0,0,0,0
"2023-09-19",0,0,0,0,0,0,0,0,0,0,"2019-11-03",0,0,0,0,0,0,0,0,0,0
"2023-09-20",0,0,0,0,0,0,0,0,0,0,"2019-11-04",0,0,0,0,0,0,0,0,0,0
"2023-09-21",0,0,0,0,0,0,0,0,0,0,"2019-11-05",0,0,0,0,0,0,0,0,0,0
"2023-09-22",0,0,0,0,0,0,0,0,0,0,"2019-11-06",0,0,0,0,0,0,0,0,0,0
"2023-09-23",0,0,0,0,0,0,0,0,0,0,"2019-11-07",0,0,0,0,0,0,0,0,0,0
"2023-09-24",0,0,0,0,0,0,0,0,0,0,"2019-11-08",0,0,0,0,0,0,0,0,0,0
"2023-09-25",0,0,0,0,0,0,0,0,0,0,"2019-11-09",0,0,0,0,0,0,0,0,0,0
"2023-09-26",0,0,0,0,0,0,0,0,0,0,"2019-11-10",0,0,0,0,0,0,0,0,0,0
"2023-09-27",0,0,0,0,0,0,0,0,0,0,"2019-11-11",0,0,0,0,0,0,0,0,0,0
"2023-09-28",0,0,0,0,0,0,0,0,0,0,"2019-11-12",0,0,0,0,0,0,0,0,0,0
"2023-09-29",0,0,0,0,0,0,0,0,0,0,"2019-11-13",0,0,0,0,0,0,0,0,0,0
"2023-09-30",0,0,0,0,0,0,0,0,0,0,"2019-11-14",0,0,0,0,0,0,0,0,0,0
"2023-10-01",0,0,0,0,0,0,0,0,0,0,"2019-11-15",0,0,0,0,0,0,0,0,0,0
"2023-10-02",0,0,0,0,0,0,0,0,0,0,"2019-11-16",0,0,0,0,0,0,0,0,0,0
"2023-10-03",0,0,0,0,0,0,0,0,0,0,"2019-11-17",0,0,0,0,0,0,0,0,0,0
"2023-10-04",0,0,0,0,0,0,0,0,0,0,"2019-11-18",0,0,0,0,0,0,0,0,0,0
"2023-10-05",0,0,0,0,0,0,0,0,0,0,"2019-11-19",0,0,0,0,0,0,0,0,0,0
"2023-10-06",0,0,0,0,0,0,0,0,0,0,"2019-11-20",0,0,0,0,0,0,0,0,0,0
"2023-10-07",0,0,0,0,0,0,0,0,0,0,"2019-11-21",0,0,0,0,0,0,0,0,0,0
"2023-10-08",0,0,0,0,0,0,0,0,0,0,"2019-11-22",0,0,0,0,0,0,0,0,0,0
"2023-10-09",0,0,0,0,0,0,0,0,0,0,"2019-11-23",0,0,0,0,0,0,0,0,0,0
"2023-10-10",0,0,0,0,0,0,0,0,0,0,"2019-11-24",0,0,0,0,0,0,0,0,0,0
"2023-10-11",0,0,0,0,0,0,0,0,0,0,"2019-11-25",0,0,0,0,0,0,0,0,0,0
"2023-10-12",0,0,0,0,0,0,0,0,0,0,"2019-11-26",0,0,0,0,0,0,0,0,0,0
"2023-10-13",0,0,0,0,0,0,0,0,0,0,"2019-11-27",0,0,0,0,0,0,0,0,0,0
"2023-10-14",0,0,0,0,0,0,0,0,0,0,"2019-11-28",0,0,0,0,0,0,0,0,0,0
"2023-10-15",0,0,0,0,0,0,0,0,0,0,"2019-11-29",0,0,0,0,0,0,0,0,0,0
"2023-10-16",0,0,0,0,0,0,0,0,0,0,"2019-11-30",0,0,0,0,0,0,0,0,0,0
"2023-10-17",0,0,0,0,0,0,0,0,0,0,"2019-12-01",0,0,0,0,0,0,0,0,0,0
"2023-10-18",0,0,0,0,0,0,0,0,0,0,"2019-12-02",0,0,0,0,0,0,0,0,0,0
"2023-10-19",0,0,0,0,0,0,0,0,0,0,"2019-12-03",0,0,0,0,0,0,0,0,0,0
"2023-10-20",0,0,0,0,0,0,0,0,0,0,"2019-12-04",0,0,0,0,0,0,0,0,0,0
"2023-10-21",0,0,0,0,0,0,0,0,0,0,"2019-12-05",0,0,0,0,0,0,0,0,0,0
"2023-10-22",0,0,0,0,0,0,0,0,0,0,"2019-12-06",0,0,0,0,0,0,0,0,0,0
"2023-10-23",0,0,0,0,0,0,0,0,0,0,"2019-12-07",0,0,0,0,0,0,0,0,0,0
"2023-10-24",0,0,0,0,0,0,0,0,0,0,"2019-12-08",0,0,0,0,0,0,0,0,0,0
"2023-10-25",0,0,0,0,0,0,0,0,0,0,"2019-12-09",0,0,0,0,0,0,0,0,0,0
"2023-10-26",0,0,0,0,0,0,0,0,0,0,"2019-12-10",0,0,0,0,0,0,0,0,0,0
"2023-10-27",0,0,0,0,0,0,0,0,0,0,"2019-12-11",0,0,0,0,0,0,0,0,0,0
"2023-10-28",0,0,0,0,0,0,0,0,0,0,"2019-12-12",0,0,0,0,0,0,0,0,0,0
"2023-10-29",0,0,0,0,0,0,0,0,0,0,"2019-12-13",0,0,0,0,0,0,0,0,0,0
"2023-10-30",0,0,0,0,0,0,0,0,0,0,"2019-12-14",0,0,0,0,0,0,0,0,0,0
"2023-10-31",0,0,0,0,0,0,0,0,0,0,"2019-12-15",0,0,0,0,0,0,0,0,0,0
"2023-11-01",0,0,0,0,0,0,0,0,0,0,"2019-12-16",0,0,0,0,0,0,0,0,0,0
"2023-11-02",0,0,0,0,0,0,0,0,0,0,"2019-12-17",0,0,0,0,0,0,0,0,0,0
"2023-11-03",0,0,0,0,0,0,0,0,0,0,"2019-12-18",0,0,0,0,0,0,0,0,0,0
"2023-11-04",0,0,0,0,0,0,0,0,0,0,"2019-12-19",0,0,0,0,0,0,0,0,0,0
"2023-11-05",0,0,0,0,0,0,0,0,0,0,"2019-12-20",0,0,0,0,0,0,0,0,0,0
"2023-11-06",1,35,0,0,35,7.5,0,0,0,42.5,"2019-12-21",0,0,0,0,0,0,0,0,0,0
"2023-11-07",0,0,0,0,0,0,0,0,0,0,"2019-12-22",0,0,0,0,0,0,0,0,0,0
"2023-11-08",1,112,0,0,112,7.5,0,0,0,119.5,"2019-12-23",0,0,0,0,0,0,0,0,0,0
"2023-11-09",0,0,0,0,0,0,0,0,0,0,"2019-12-24",0,0,0,0,0,0,0,0,0,0
"2023-11-10",0,0,0,0,0,0,0,0,0,0,"2019-12-25",0,0,0,0,0,0,0,0,0,0
"2023-11-11",0,0,0,0,0,0,0,0,0,0,"2019-12-26",0,0,0,0,0,0,0,0,0,0
"2023-11-12",0,0,0,0,0,0,0,0,0,0,"2019-12-27",0,0,0,0,0,0,0,0,0,0
"2023-11-13",0,0,0,-112,-112,-7.5,0,0,0,-119.5,"2019-12-28",0,0,0,0,0,0,0,0,0,0
"2023-11-14",0,0,0,0,0,0,0,0,0,0,"2019-12-29",0,0,0,0,0,0,0,0,0,0
"2023-11-15",0,0,0,0,0,0,0,0,0,0,"2019-12-30",0,0,0,0,0,0,0,0,0,0
"2023-11-16",0,0,0,0,0,0,0,0,0,0,"2019-12-31",0,0,0,0,0,0,0,0,0,0
"2023-11-17",0,0,0,0,0,0,0,0,0,0,"2020-01-01",0,0,0,0,0,0,0,0,0,0
"2023-11-18",0,0,0,0,0,0,0,0,0,0,"2020-01-02",0,0,0,0,0,0,0,0,0,0
"2023-11-19",0,0,0,0,0,0,0,0,0,0,"2020-01-03",0,0,0,0,0,0,0,0,0,0
"2023-11-20",0,0,0,0,0,0,0,0,0,0,"2020-01-04",0,0,0,0,0,0,0,0,0,0
"2023-11-21",0,0,0,0,0,0,0,0,0,0,"2020-01-05",0,0,0,0,0,0,0,0,0,0
"2023-11-22",0,0,0,0,0,0,0,0,0,0,"2020-01-06",0,0,0,0,0,0,0,0,0,0
"2023-11-23",0,0,0,0,0,0,0,0,0,0,"2020-01-07",0,0,0,0,0,0,0,0,0,0
"2023-11-24",0,0,0,0,0,0,0,0,0,0,"2020-01-08",0,0,0,0,0,0,0,0,0,0
"2023-11-25",0,0,0,0,0,0,0,0,0,0,"2020-01-09",0,0,0,0,0,0,0,0,0,0
"2023-11-26",0,0,0,0,0,0,0,0,0,0,"2020-01-10",0,0,0,0,0,0,0,0,0,0
"2023-11-27",2,95,0,0,95,15,0,0,0,110,"2020-01-11",0,0,0,0,0,0,0,0,0,0
"2023-11-28",2,342,0,0,342,15,0,0,0,357,"2020-01-12",0,0,0,0,0,0,0,0,0,0
"2023-11-29",0,0,0,0,0,0,0,0,0,0,"2020-01-13",0,0,0,0,0,0,0,0,0,0
"2023-11-30",0,0,0,0,0,0,0,0,0,0,"2020-01-14",0,0,0,0,0,0,0,0,0,0
"2023-12-01",0,0,0,0,0,0,0,0,0,0,"2020-01-15",0,0,0,0,0,0,0,0,0,0
"2023-12-02",1,22,0,0,22,7.5,0,0,0,29.5,"2020-01-16",0,0,0,0,0,0,0,0,0,0
"2023-12-03",0,0,0,0,0,0,0,0,0,0,"2020-01-17",0,0,0,0,0,0,0,0,0,0
"2023-12-04",4,301,0,0,301,30,0,0,0,331,"2020-01-18",0,0,0,0,0,0,0,0,0,0
"2023-12-05",0,0,0,0,0,0,0,0,0,0,"2020-01-19",0,0,0,0,0,0,0,0,0,0
"2023-12-06",0,0,0,0,0,0,0,0,0,0,"2020-01-20",0,0,0,0,0,0,0,0,0,0
"2023-12-07",2,128,0,-48,80,7.5,0,0,0,87.5,"2020-01-21",0,0,0,0,0,0,0,0,0,0
"2023-12-08",0,0,0,0,0,0,0,0,0,0,"2020-01-22",0,0,0,0,0,0,0,0,0,0
"2023-12-09",0,0,0,0,0,0,0,0,0,0,"2020-01-23",0,0,0,0,0,0,0,0,0,0
"2023-12-10",0,0,0,0,0,0,0,0,0,0,"2020-01-24",0,0,0,0,0,0,0,0,0,0
"2023-12-11",0,0,0,0,0,0,0,0,0,0,"2020-01-25",0,0,0,0,0,0,0,0,0,0
"2023-12-12",1,120,0,0,120,7.5,0,0,0,127.5,"2020-01-26",0,0,0,0,0,0,0,0,0,0
"2023-12-13",0,0,0,0,0,0,0,0,0,0,"2020-01-27",0,0,0,0,0,0,0,0,0,0
"2023-12-14",0,0,0,0,0,0,0,0,0,0,"2020-01-28",0,0,0,0,0,0,0,0,0,0
"2023-12-15",0,0,0,0,0,0,0,0,0,0,"2020-01-29",0,0,0,0,0,0,0,0,0,0
"2023-12-16",1,44,0,0,44,7.5,0,0,0,51.5,"2020-01-30",0,0,0,0,0,0,0,0,0,0
"2023-12-17",0,0,0,0,0,0,0,0,0,0,"2020-01-31",0,0,0,0,0,0,0,0,0,0
"2023-12-18",3,157.2,0,0,157.2,40.5,0,0,0,197.7,"2020-02-01",0,0,0,0,0,0,0,0,0,0
"2023-12-19",0,0,0,0,0,0,0,0,0,0,"2020-02-02",0,0,0,0,0,0,0,0,0,0
"2023-12-20",0,0,0,0,0,0,0,0,0,0,"2020-02-03",0,0,0,0,0,0,0,0,0,0
"2023-12-21",0,0,0,0,0,0,0,0,0,0,"2020-02-04",0,0,0,0,0,0,0,0,0,0
"2023-12-22",0,0,0,0,0,0,0,0,0,0,"2020-02-05",0,0,0,0,0,0,0,0,0,0
"2023-12-23",0,0,0,0,0,0,0,0,0,0,"2020-02-06",0,0,0,0,0,0,0,0,0,0
"2023-12-24",0,0,0,0,0,0,0,0,0,0,"2020-02-07",0,0,0,0,0,0,0,0,0,0
"2023-12-25",1,108,0,0,108,7.5,0,0,0,115.5,"2020-02-08",0,0,0,0,0,0,0,0,0,0
"2023-12-26",0,0,0,0,0,0,0,0,0,0,"2020-02-09",0,0,0,0,0,0,0,0,0,0
"2023-12-27",0,0,0,0,0,0,0,0,0,0,"2020-02-10",0,0,0,0,0,0,0,0,0,0
"2023-12-28",0,0,0,0,0,0,0,0,0,0,"2020-02-11",0,0,0,0,0,0,0,0,0,0
"2023-12-29",0,0,0,0,0,0,0,0,0,0,"2020-02-12",0,0,0,0,0,0,0,0,0,0
"2023-12-30",0,0,0,0,0,0,0,0,0,0,"2020-02-13",0,0,0,0,0,0,0,0,0,0
"2023-12-31",1,122.4,0,0,122.4,35.7,0,0,0,158.1,"2020-02-14",0,0,0,0,0,0,0,0,0,0
"2024-01-01",0,0,0,0,0,0,0,0,0,0,"2020-02-15",0,0,0,0,0,0,0,0,0,0
"2024-01-02",0,0,0,0,0,0,0,0,0,0,"2020-02-16",0,0,0,0,0,0,0,0,0,0
"2024-01-03",0,0,0,0,0,0,0,0,0,0,"2020-02-17",0,0,0,0,0,0,0,0,0,0
"2024-01-04",0,0,0,0,0,0,0,0,0,0,"2020-02-18",0,0,0,0,0,0,0,0,0,0
"2024-01-05",0,0,0,0,0,0,0,0,0,0,"2020-02-19",0,0,0,0,0,0,0,0,0,0
"2024-01-06",1,32,0,0,32,7.5,0,0,0,39.5,"2020-02-20",0,0,0,0,0,0,0,0,0,0
"2024-01-07",0,0,0,0,0,0,0,0,0,0,"2020-02-21",0,0,0,0,0,0,0,0,0,0
"2024-01-08",0,0,0,0,0,0,0,0,0,0,"2020-02-22",0,0,0,0,0,0,0,0,0,0
"2024-01-09",0,0,0,0,0,0,0,0,0,0,"2020-02-23",0,0,0,0,0,0,0,0,0,0
"2024-01-10",2,164,0,0,164,15,0,0,0,179,"2020-02-24",0,0,0,0,0,0,0,0,0,0
"2024-01-11",0,0,0,0,0,0,0,0,0,0,"2020-02-25",0,0,0,0,0,0,0,0,0,0
"2024-01-12",0,0,0,0,0,0,0,0,0,0,"2020-02-26",0,0,0,0,0,0,0,0,0,0
"2024-01-13",0,0,0,0,0,0,0,0,0,0,"2020-02-27",0,0,0,0,0,0,0,0,0,0
"2024-01-14",0,0,0,0,0,0,0,0,0,0,"2020-02-28",0,0,0,0,0,0,0,0,0,0
"2024-01-15",0,0,0,0,0,0,0,0,0,0,"2020-02-29",0,0,0,0,0,0,0,0,0,0
"2024-01-16",0,0,0,0,0,0,0,0,0,0,"2020-03-01",0,0,0,0,0,0,0,0,0,0
"2024-01-17",0,0,0,0,0,0,0,0,0,0,"2020-03-02",0,0,0,0,0,0,0,0,0,0
"2024-01-18",0,0,0,0,0,0,0,0,0,0,"2020-03-03",0,0,0,0,0,0,0,0,0,0
"2024-01-19",0,0,0,0,0,0,0,0,0,0,"2020-03-04",0,0,0,0,0,0,0,0,0,0
"2024-01-20",0,0,0,0,0,0,0,0,0,0,"2020-03-05",0,0,0,0,0,0,0,0,0,0
"2024-01-21",0,0,0,0,0,0,0,0,0,0,"2020-03-06",0,0,0,0,0,0,0,0,0,0
"2024-01-22",0,0,0,0,0,0,0,0,0,0,"2020-03-07",0,0,0,0,0,0,0,0,0,0
"2024-01-23",0,0,0,0,0,0,0,0,0,0,"2020-03-08",0,0,0,0,0,0,0,0,0,0
"2024-01-24",0,0,0,0,0,0,0,0,0,0,"2020-03-09",0,0,0,0,0,0,0,0,0,0
"2024-01-25",0,0,0,0,0,0,0,0,0,0,"2020-03-10",0,0,0,0,0,0,0,0,0,0
"2024-01-26",0,0,0,0,0,0,0,0,0,0,"2020-03-11",0,0,0,0,0,0,0,0,0,0
"2024-01-27",1,60,0,0,60,7.5,0,0,0,67.5,"2020-03-12",0,0,0,0,0,0,0,0,0,0
"2024-01-28",0,0,0,0,0,0,0,0,0,0,"2020-03-13",0,0,0,0,0,0,0,0,0,0
"2024-01-29",0,0,0,0,0,0,0,0,0,0,"2020-03-14",0,0,0,0,0,0,0,0,0,0
"2024-01-30",0,0,0,0,0,0,0,0,0,0,"2020-03-15",0,0,0,0,0,0,0,0,0,0
"2024-01-31",0,0,0,0,0,0,0,0,0,0,"2020-03-16",0,0,0,0,0,0,0,0,0,0
"2024-02-01",0,0,0,0,0,0,0,0,0,0,"2020-03-17",0,0,0,0,0,0,0,0,0,0
"2024-02-02",0,0,0,0,0,0,0,0,0,0,"2020-03-18",0,0,0,0,0,0,0,0,0,0
"2024-02-03",0,0,0,0,0,0,0,0,0,0,"2020-03-19",0,0,0,0,0,0,0,0,0,0
"2024-02-04",0,0,0,0,0,0,0,0,0,0,"2020-03-20",0,0,0,0,0,0,0,0,0,0
"2024-02-05",0,0,0,0,0,0,0,0,0,0,"2020-03-21",0,0,0,0,0,0,0,0,0,0
"2024-02-06",0,0,0,0,0,0,0,0,0,0,"2020-03-22",0,0,0,0,0,0,0,0,0,0
"2024-02-07",0,0,0,0,0,0,0,0,0,0,"2020-03-23",0,0,0,0,0,0,0,0,0,0
"2024-02-08",0,0,0,0,0,0,0,0,0,0,"2020-03-24",0,0,0,0,0,0,0,0,0,0
"2024-02-09",1,280,0,0,280,7.5,0,0,0,287.5,"2020-03-25",0,0,0,0,0,0,0,0,0,0
"2024-02-10",0,0,0,0,0,0,0,0,0,0,"2020-03-26",0,0,0,0,0,0,0,0,0,0
"2024-02-11",0,0,0,0,0,0,0,0,0,0,"2020-03-27",0,0,0,0,0,0,0,0,0,0
"2024-02-12",0,0,0,0,0,0,0,0,0,0,"2020-03-28",0,0,0,0,0,0,0,0,0,0
"2024-02-13",1,28,0,0,28,7.5,0,0,0,35.5,"2020-03-29",0,0,0,0,0,0,0,0,0,0
"2024-02-14",1,112,-11.2,0,100.8,7.5,0,0,0,108.3,"2020-03-30",0,0,0,0,0,0,0,0,0,0
"2024-02-15",0,0,0,0,0,0,0,0,0,0,"2020-03-31",0,0,0,0,0,0,0,0,0,0
"2024-02-16",1,28,0,0,28,7.5,0,0,0,35.5,"2020-04-01",0,0,0,0,0,0,0,0,0,0
"2024-02-17",0,0,0,0,0,0,0,0,0,0,"2020-04-02",0,0,0,0,0,0,0,0,0,0
"2024-02-18",0,0,0,0,0,0,0,0,0,0,"2020-04-03",0,0,0,0,0,0,0,0,0,0
"2024-02-19",0,0,0,0,0,0,0,0,0,0,"2020-04-04",0,0,0,0,0,0,0,0,0,0
"2024-02-20",0,0,0,0,0,0,0,0,0,0,"2020-04-05",0,0,0,0,0,0,0,0,0,0
"2024-02-21",0,0,0,0,0,0,0,0,0,0,"2020-04-06",0,0,0,0,0,0,0,0,0,0
"2024-02-22",0,0,0,0,0,0,0,0,0,0,"2020-04-07",0,0,0,0,0,0,0,0,0,0
"2024-02-23",0,0,0,0,0,0,0,0,0,0,"2020-04-08",0,0,0,0,0,0,0,0,0,0
"2024-02-24",0,0,0,0,0,0,0,0,0,0,"2020-04-09",0,0,0,0,0,0,0,0,0,0
"2024-02-25",0,0,0,0,0,0,0,0,0,0,"2020-04-10",0,0,0,0,0,0,0,0,0,0
"2024-02-26",0,0,0,0,0,0,0,0,0,0,"2020-04-11",0,0,0,0,0,0,0,0,0,0
"2024-02-27",0,0,0,0,0,0,0,0,0,0,"2020-04-12",0,0,0,0,0,0,0,0,0,0
"2024-02-28",0,0,0,0,0,0,0,0,0,0,"2020-04-13",0,0,0,0,0,0,0,0,0,0
"2024-02-29",0,0,0,0,0,0,0,0,0,0,"2020-04-14",0,0,0,0,0,0,0,0,0,0
"2024-03-01",0,0,0,0,0,0,0,0,0,0,"2020-04-15",0,0,0,0,0,0,0,0,0,0
"2024-03-02",1,32,0,0,32,7.5,0,0,0,39.5,"2020-04-16",0,0,0,0,0,0,0,0,0,0
"2024-03-03",0,0,0,0,0,0,0,0,0,0,"2020-04-17",0,0,0,0,0,0,0,0,0,0
"2024-03-04",0,0,0,0,0,0,0,0,0,0,"2020-04-18",0,0,0,0,0,0,0,0,0,0
"2024-03-05",0,0,0,0,0,0,0,0,0,0,"2020-04-19",0,0,0,0,0,0,0,0,0,0
"2024-03-06",0,0,0,0,0,0,0,0,0,0,"2020-04-20",0,0,0,0,0,0,0,0,0,0
"2024-03-07",0,0,0,0,0,0,0,0,0,0,"2020-04-21",0,0,0,0,0,0,0,0,0,0
"2024-03-08",0,0,0,0,0,0,0,0,0,0,"2020-04-22",0,0,0,0,0,0,0,0,0,0
"2024-03-09",0,0,0,0,0,0,0,0,0,0,"2020-04-23",0,0,0,0,0,0,0,0,0,0
"2024-03-10",0,0,0,0,0,0,0,0,0,0,"2020-04-24",0,0,0,0,0,0,0,0,0,0
"2024-03-11",0,0,0,0,0,0,0,0,0,0,"2020-04-25",0,0,0,0,0,0,0,0,0,0
"2024-03-12",0,0,0,0,0,0,0,0,0,0,"2020-04-26",0,0,0,0,0,0,0,0,0,0
"2024-03-13",0,0,0,0,0,0,0,0,0,0,"2020-04-27",0,0,0,0,0,0,0,0,0,0
"2024-03-14",0,0,0,0,0,0,0,0,0,0,"2020-04-28",0,0,0,0,0,0,0,0,0,0
"2024-03-15",0,0,0,0,0,0,0,0,0,0,"2020-04-29",0,0,0,0,0,0,0,0,0,0
"2024-03-16",0,0,0,0,0,0,0,0,0,0,"2020-04-30",0,0,0,0,0,0,0,0,0,0
"2024-03-17",0,0,0,0,0,0,0,0,0,0,"2020-05-01",0,0,0,0,0,0,0,0,0,0
"2024-03-18",0,0,0,0,0,0,0,0,0,0,"2020-05-02",0,0,0,0,0,0,0,0,0,0
"2024-03-19",0,0,0,0,0,0,0,0,0,0,"2020-05-03",0,0,0,0,0,0,0,0,0,0
"2024-03-20",0,0,0,0,0,0,0,0,0,0,"2020-05-04",0,0,0,0,0,0,0,0,0,0
"2024-03-21",0,0,0,0,0,0,0,0,0,0,"2020-05-05",0,0,0,0,0,0,0,0,0,0
"2024-03-22",0,0,0,0,0,0,0,0,0,0,"2020-05-06",0,0,0,0,0,0,0,0,0,0
"2024-03-23",0,0,0,0,0,0,0,0,0,0,"2020-05-07",0,0,0,0,0,0,0,0,0,0
"2024-03-24",0,0,0,0,0,0,0,0,0,0,"2020-05-08",0,0,0,0,0,0,0,0,0,0
"2024-03-25",0,0,0,0,0,0,0,0,0,0,"2020-05-09",0,0,0,0,0,0,0,0,0,0
"2024-03-26",0,0,0,0,0,0,0,0,0,0,"2020-05-10",0,0,0,0,0,0,0,0,0,0
"2024-03-27",1,72,0,0,72,7.5,0,0,0,79.5,"2020-05-11",0,0,0,0,0,0,0,0,0,0
"2024-03-28",0,0,0,0,0,0,0,0,0,0,"2020-05-12",0,0,0,0,0,0,0,0,0,0
"2024-03-29",0,0,0,0,0,0,0,0,0,0,"2020-05-13",0,0,0,0,0,0,0,0,0,0
"2024-03-30",0,0,0,0,0,0,0,0,0,0,"2020-05-14",0,0,0,0,0,0,0,0,0,0
"2024-03-31",0,0,0,0,0,0,0,0,0,0,"2020-05-15",0,0,0,0,0,0,0,0,0,0
"2024-04-01",0,0,0,0,0,0,0,0,0,0,"2020-05-16",0,0,0,0,0,0,0,0,0,0
"2024-04-02",0,0,0,0,0,0,0,0,0,0,"2020-05-17",0,0,0,0,0,0,0,0,0,0
"2024-04-03",0,0,0,0,0,0,0,0,0,0,"2020-05-18",0,0,0,0,0,0,0,0,0,0
"2024-04-04",0,0,0,0,0,0,0,0,0,0,"2020-05-19",0,0,0,0,0,0,0,0,0,0
"2024-04-05",0,0,0,0,0,0,0,0,0,0,"2020-05-20",0,0,0,0,0,0,0,0,0,0
"2024-04-06",0,0,0,0,0,0,0,0,0,0,"2020-05-21",0,0,0,0,0,0,0,0,0,0
"2024-04-07",0,0,0,0,0,0,0,0,0,0,"2020-05-22",0,0,0,0,0,0,0,0,0,0
"2024-04-08",0,0,0,0,0,0,0,0,0,0,"2020-05-23",0,0,0,0,0,0,0,0,0,0
"2024-04-09",0,0,0,0,0,0,0,0,0,0,"2020-05-24",0,0,0,0,0,0,0,0,0,0
"2024-04-10",0,0,0,0,0,0,0,0,0,0,"2020-05-25",0,0,0,0,0,0,0,0,0,0
"2024-04-11",0,0,0,0,0,0,0,0,0,0,"2020-05-26",0,0,0,0,0,0,0,0,0,0
"2024-04-12",0,0,0,0,0,0,0,0,0,0,"2020-05-27",0,0,0,0,0,0,0,0,0,0
"2024-04-13",0,0,0,0,0,0,0,0,0,0,"2020-05-28",0,0,0,0,0,0,0,0,0,0
"2024-04-14",0,0,0,0,0,0,0,0,0,0,"2020-05-29",0,0,0,0,0,0,0,0,0,0
"2024-04-15",0,0,0,0,0,0,0,0,0,0,"2020-05-30",0,0,0,0,0,0,0,0,0,0
"2024-04-16",0,0,0,0,0,0,0,0,0,0,"2020-05-31",0,0,0,0,0,0,0,0,0,0
"2024-04-17",0,0,0,0,0,0,0,0,0,0,"2020-06-01",0,0,0,0,0,0,0,0,0,0
"2024-04-18",0,0,0,0,0,0,0,0,0,0,"2020-06-02",0,0,0,0,0,0,0,0,0,0
"2024-04-19",0,0,0,0,0,0,0,0,0,0,"2020-06-03",0,0,0,0,0,0,0,0,0,0
"2024-04-20",0,0,0,0,0,0,0,0,0,0,"2020-06-04",0,0,0,0,0,0,0,0,0,0
"2024-04-21",0,0,0,0,0,0,0,0,0,0,"2020-06-05",0,0,0,0,0,0,0,0,0,0
"2024-04-22",0,0,0,0,0,0,0,0,0,0,"2020-06-06",0,0,0,0,0,0,0,0,0,0
"2024-04-23",0,0,0,0,0,0,0,0,0,0,"2020-06-07",0,0,0,0,0,0,0,0,0,0
"2024-04-24",1,80.58,0,0,80.58,35.7,0,0,0,116.28,"2020-06-08",0,0,0,0,0,0,0,0,0,0
"2024-04-25",0,0,0,0,0,0,0,0,0,0,"2020-06-09",0,0,0,0,0,0,0,0,0,0
"2024-04-26",0,0,0,0,0,0,0,0,0,0,"2020-06-10",0,0,0,0,0,0,0,0,0,0
"2024-04-27",0,0,0,0,0,0,0,0,0,0,"2020-06-11",0,0,0,0,0,0,0,0,0,0
"2024-04-28",0,0,0,0,0,0,0,0,0,0,"2020-06-12",0,0,0,0,0,0,0,0,0,0
"2024-04-29",0,0,0,0,0,0,0,0,0,0,"2020-06-13",0,0,0,0,0,0,0,0,0,0
"2024-04-30",0,0,0,0,0,0,0,0,0,0,"2020-06-14",0,0,0,0,0,0,0,0,0,0
"2024-05-01",0,0,0,0,0,0,0,0,0,0,"2020-06-15",0,0,0,0,0,0,0,0,0,0
"2024-05-02",0,0,0,0,0,0,0,0,0,0,"2020-06-16",0,0,0,0,0,0,0,0,0,0
"2024-05-03",0,0,0,0,0,0,0,0,0,0,"2020-06-17",0,0,0,0,0,0,0,0,0,0
"2024-05-04",0,0,0,0,0,0,0,0,0,0,"2020-06-18",0,0,0,0,0,0,0,0,0,0
"2024-05-05",1,171.36,0,0,171.36,25.5,0,0,0,196.86,"2020-06-19",0,0,0,0,0,0,0,0,0,0
"2024-05-06",0,0,0,0,0,0,0,0,0,0,"2020-06-20",0,0,0,0,0,0,0,0,0,0
"2024-05-07",0,0,0,0,0,0,0,0,0,0,"2020-06-21",0,0,0,0,0,0,0,0,0,0
"2024-05-08",1,159.12,0,0,159.12,25.5,0,0,0,184.62,"2020-06-22",0,0,0,0,0,0,0,0,0,0
"2024-05-09",1,84,0,0,84,7.5,0,0,0,91.5,"2020-06-23",0,0,0,0,0,0,0,0,0,0
"2024-05-10",0,0,0,0,0,0,0,0,0,0,"2020-06-24",0,0,0,0,0,0,0,0,0,0
"2024-05-11",0,0,0,0,0,0,0,0,0,0,"2020-06-25",0,0,0,0,0,0,0,0,0,0
"2024-05-12",0,0,0,0,0,0,0,0,0,0,"2020-06-26",0,0,0,0,0,0,0,0,0,0
"2024-05-13",0,0,0,0,0,0,0,0,0,0,"2020-06-27",0,0,0,0,0,0,0,0,0,0
"2024-05-14",0,0,0,0,0,0,0,0,0,0,"2020-06-28",0,0,0,0,0,0,0,0,0,0
"2024-05-15",0,0,0,0,0,0,0,0,0,0,"2020-06-29",0,0,0,0,0,0,0,0,0,0
"2024-05-16",0,0,0,0,0,0,0,0,0,0,"2020-06-30",0,0,0,0,0,0,0,0,0,0
"2024-05-17",0,0,0,0,0,0,0,0,0,0,"2020-07-01",0,0,0,0,0,0,0,0,0,0
"2024-05-18",0,0,0,0,0,0,0,0,0,0,"2020-07-02",0,0,0,0,0,0,0,0,0,0
"2024-05-19",0,0,0,0,0,0,0,0,0,0,"2020-07-03",0,0,0,0,0,0,0,0,0,0
"2024-05-20",0,0,0,0,0,0,0,0,0,0,"2020-07-04",0,0,0,0,0,0,0,0,0,0
"2024-05-21",0,0,0,0,0,0,0,0,0,0,"2020-07-05",0,0,0,0,0,0,0,0,0,0
"2024-05-22",0,0,0,0,0,0,0,0,0,0,"2020-07-06",0,0,0,0,0,0,0,0,0,0
"2024-05-23",0,0,0,0,0,0,0,0,0,0,"2020-07-07",0,0,0,0,0,0,0,0,0,0
"2024-05-24",0,0,0,0,0,0,0,0,0,0,"2020-07-08",0,0,0,0,0,0,0,0,0,0
"2024-05-25",0,0,0,0,0,0,0,0,0,0,"2020-07-09",0,0,0,0,0,0,0,0,0,0
"2024-05-26",0,0,0,0,0,0,0,0,0,0,"2020-07-10",0,0,0,0,0,0,0,0,0,0
"2024-05-27",0,0,0,0,0,0,0,0,0,0,"2020-07-11",0,0,0,0,0,0,0,0,0,0
"2024-05-28",0,0,0,0,0,0,0,0,0,0,"2020-07-12",0,0,0,0,0,0,0,0,0,0
"2024-05-29",0,0,0,0,0,0,0,0,0,0,"2020-07-13",0,0,0,0,0,0,0,0,0,0
"2024-05-30",0,0,0,0,0,0,0,0,0,0,"2020-07-14",0,0,0,0,0,0,0,0,0,0
"2024-05-31",0,0,0,0,0,0,0,0,0,0,"2020-07-15",0,0,0,0,0,0,0,0,0,0
"2024-06-01",0,0,0,0,0,0,0,0,0,0,"2020-07-16",0,0,0,0,0,0,0,0,0,0
"2024-06-02",0,0,0,0,0,0,0,0,0,0,"2020-07-17",0,0,0,0,0,0,0,0,0,0
"2024-06-03",0,0,0,0,0,0,0,0,0,0,"2020-07-18",0,0,0,0,0,0,0,0,0,0
"2024-06-04",0,0,0,0,0,0,0,0,0,0,"2020-07-19",0,0,0,0,0,0,0,0,0,0
"2024-06-05",2,210,0,0,210,15,0,0,0,225,"2020-07-20",0,0,0,0,0,0,0,0,0,0
"2024-06-06",0,0,0,0,0,0,0,0,0,0,"2020-07-21",0,0,0,0,0,0,0,0,0,0
"2024-06-07",0,0,0,0,0,0,0,0,0,0,"2020-07-22",0,0,0,0,0,0,0,0,0,0
"2024-06-08",0,0,0,0,0,0,0,0,0,0,"2020-07-23",0,0,0,0,0,0,0,0,0,0
"2024-06-09",0,0,0,0,0,0,0,0,0,0,"2020-07-24",0,0,0,0,0,0,0,0,0,0
"2024-06-10",0,0,0,0,0,0,0,0,0,0,"2020-07-25",0,0,0,0,0,0,0,0,0,0
"2024-06-11",0,0,0,0,0,0,0,0,0,0,"2020-07-26",0,0,0,0,0,0,0,0,0,0
"2024-06-12",0,0,0,0,0,0,0,0,0,0,"2020-07-27",0,0,0,0,0,0,0,0,0,0
"2024-06-13",1,64,0,0,64,7.5,0,0,0,71.5,"2020-07-28",0,0,0,0,0,0,0,0,0,0
"2024-06-14",0,0,0,0,0,0,0,0,0,0,"2020-07-29",0,0,0,0,0,0,0,0,0,0
"2024-06-15",0,0,0,0,0,0,0,0,0,0,"2020-07-30",0,0,0,0,0,0,0,0,0,0
"2024-06-16",1,438.6,0,0,438.6,35.7,0,0,0,474.3,"2020-07-31",0,0,0,0,0,0,0,0,0,0
"2024-06-17",0,0,0,0,0,0,0,0,0,0,"2020-08-01",0,0,0,0,0,0,0,0,0,0
"2024-06-18",0,0,0,0,0,0,0,0,0,0,"2020-08-02",0,0,0,0,0,0,0,0,0,0
"2024-06-19",0,0,0,0,0,0,0,0,0,0,"2020-08-03",0,0,0,0,0,0,0,0,0,0
"2024-06-20",0,0,0,0,0,0,0,0,0,0,"2020-08-04",0,0,0,0,0,0,0,0,0,0
"2024-06-21",0,0,0,0,0,0,0,0,0,0,"2020-08-05",0,0,0,0,0,0,0,0,0,0
"2024-06-22",0,0,0,0,0,0,0,0,0,0,"2020-08-06",0,0,0,0,0,0,0,0,0,0
"2024-06-23",0,0,0,0,0,0,0,0,0,0,"2020-08-07",0,0,0,0,0,0,0,0,0,0
"2024-06-24",0,0,0,0,0,0,0,0,0,0,"2020-08-08",0,0,0,0,0,0,0,0,0,0
"2024-06-25",0,0,0,0,0,0,0,0,0,0,"2020-08-09",0,0,0,0,0,0,0,0,0,0
"2024-06-26",0,0,0,0,0,0,0,0,0,0,"2020-08-10",0,0,0,0,0,0,0,0,0,0
"2024-06-27",0,0,0,0,0,0,0,0,0,0,"2020-08-11",0,0,0,0,0,0,0,0,0,0
"2024-06-28",0,0,0,0,0,0,0,0,0,0,"2020-08-12",0,0,0,0,0,0,0,0,0,0
"2024-06-29",0,0,0,0,0,0,0,0,0,0,"2020-08-13",0,0,0,0,0,0,0,0,0,0
"2024-06-30",0,0,0,0,0,0,0,0,0,0,"2020-08-14",0,0,0,0,0,0,0,0,0,0
"2024-07-01",1,192,0,0,192,7.5,0,0,0,199.5,"2020-08-15",0,0,0,0,0,0,0,0,0,0
"2024-07-02",0,0,0,0,0,0,0,0,0,0,"2020-08-16",0,0,0,0,0,0,0,0,0,0
"2024-07-03",0,0,0,0,0,0,0,0,0,0,"2020-08-17",0,0,0,0,0,0,0,0,0,0
"2024-07-04",0,0,0,0,0,0,0,0,0,0,"2020-08-18",0,0,0,0,0,0,0,0,0,0
"2024-07-05",0,0,0,0,0,0,0,0,0,0,"2020-08-19",0,0,0,0,0,0,0,0,0,0
"2024-07-06",0,0,0,0,0,0,0,0,0,0,"2020-08-20",0,0,0,0,0,0,0,0,0,0
"2024-07-07",0,0,0,0,0,0,0,0,0,0,"2020-08-21",0,0,0,0,0,0,0,0,0,0
"2024-07-08",0,0,0,0,0,0,0,0,0,0,"2020-08-22",0,0,0,0,0,0,0,0,0,0
"2024-07-09",0,0,0,0,0,0,0,0,0,0,"2020-08-23",0,0,0,0,0,0,0,0,0,0
"2024-07-10",0,0,0,0,0,0,0,0,0,0,"2020-08-24",0,0,0,0,0,0,0,0,0,0
"2024-07-11",0,0,0,0,0,0,0,0,0,0,"2020-08-25",0,0,0,0,0,0,0,0,0,0
"2024-07-12",0,0,0,0,0,0,0,0,0,0,"2020-08-26",0,0,0,0,0,0,0,0,0,0
"2024-07-13",0,0,0,0,0,0,0,0,0,0,"2020-08-27",0,0,0,0,0,0,0,0,0,0
"2024-07-14",0,0,0,0,0,0,0,0,0,0,"2020-08-28",0,0,0,0,0,0,0,0,0,0
"2024-07-15",1,70,0,0,70,7.5,0,0,0,77.5,"2020-08-29",0,0,0,0,0,0,0,0,0,0
"2024-07-16",0,0,0,0,0,0,0,0,0,0,"2020-08-30",0,0,0,0,0,0,0,0,0,0
"2024-07-17",0,0,0,0,0,0,0,0,0,0,"2020-08-31",0,0,0,0,0,0,0,0,0,0
"2024-07-18",0,0,0,0,0,0,0,0,0,0,"2020-09-01",0,0,0,0,0,0,0,0,0,0
"2024-07-19",0,0,0,0,0,0,0,0,0,0,"2020-09-02",0,0,0,0,0,0,0,0,0,0
"2024-07-20",0,0,0,0,0,0,0,0,0,0,"2020-09-03",0,0,0,0,0,0,0,0,0,0
"2024-07-21",0,0,0,0,0,0,0,0,0,0,"2020-09-04",0,0,0,0,0,0,0,0,0,0
"2024-07-22",1,62,0,0,62,7.5,0,0,0,69.5,"2020-09-05",0,0,0,0,0,0,0,0,0,0
"2024-07-23",0,0,0,0,0,0,0,0,0,0,"2020-09-06",0,0,0,0,0,0,0,0,0,0
"2024-07-24",0,0,0,0,0,0,0,0,0,0,"2020-09-07",0,0,0,0,0,0,0,0,0,0
"2024-07-25",0,0,0,0,0,0,0,0,0,0,"2020-09-08",0,0,0,0,0,0,0,0,0,0
"2024-07-26",0,0,0,0,0,0,0,0,0,0,"2020-09-09",0,0,0,0,0,0,0,0,0,0
"2024-07-27",2,455,0,-62,393,0,0,0,0,393,"2020-09-10",0,0,0,0,0,0,0,0,0,0
"2024-07-28",1,40,0,0,40,7.5,0,0,0,47.5,"2020-09-11",0,0,0,0,0,0,0,0,0,0
"2024-07-29",1,24,0,0,24,0,0,0,0,24,"2020-09-12",0,0,0,0,0,0,0,0,0,0
"2024-07-30",0,0,0,0,0,0,0,0,0,0,"2020-09-13",0,0,0,0,0,0,0,0,0,0
"2024-07-31",1,68,0,0,68,7.5,0,0,0,75.5,"2020-09-14",0,0,0,0,0,0,0,0,0,0
"2024-08-01",2,107,0,0,107,15,0,0,0,122,"2020-09-15",0,0,0,0,0,0,0,0,0,0
"2024-08-02",0,0,0,0,0,0,0,0,0,0,"2020-09-16",0,0,0,0,0,0,0,0,0,0
"2024-08-03",0,0,0,0,0,0,0,0,0,0,"2020-09-17",0,0,0,0,0,0,0,0,0,0
"2024-08-04",0,0,0,0,0,0,0,0,0,0,"2020-09-18",0,0,0,0,0,0,0,0,0,0
"2024-08-05",1,90,0,0,90,7.5,0,0,0,97.5,"2020-09-19",0,0,0,0,0,0,0,0,0,0
"2024-08-06",1,34,0,0,34,7.5,0,0,0,41.5,"2020-09-20",0,0,0,0,0,0,0,0,0,0
"2024-08-07",0,0,0,0,0,0,0,0,0,0,"2020-09-21",0,0,0,0,0,0,0,0,0,0
"2024-08-08",0,0,0,0,0,0,0,0,0,0,"2020-09-22",0,0,0,0,0,0,0,0,0,0
"2024-08-09",0,0,0,0,0,0,0,0,0,0,"2020-09-23",0,0,0,0,0,0,0,0,0,0
"2024-08-10",1,36,0,0,36,7.5,0,0,0,43.5,"2020-09-24",0,0,0,0,0,0,0,0,0,0
"2024-08-11",0,0,0,0,0,0,0,0,0,0,"2020-09-25",0,0,0,0,0,0,0,0,0,0
"2024-08-12",0,0,0,0,0,0,0,0,0,0,"2020-09-26",0,0,0,0,0,0,0,0,0,0
"2024-08-13",0,0,0,0,0,0,0,0,0,0,"2020-09-27",0,0,0,0,0,0,0,0,0,0
"2024-08-14",0,0,0,0,0,0,0,0,0,0,"2020-09-28",0,0,0,0,0,0,0,0,0,0
"2024-08-15",0,0,0,0,0,0,0,0,0,0,"2020-09-29",0,0,0,0,0,0,0,0,0,0
"2024-08-16",0,0,0,0,0,0,0,0,0,0,"2020-09-30",0,0,0,0,0,0,0,0,0,0
"2024-08-17",0,0,0,-75,-75,0,0,0,0,-75,"2020-10-01",0,0,0,0,0,0,0,0,0,0
"2024-08-18",0,0,0,0,0,0,0,0,0,0,"2020-10-02",0,0,0,0,0,0,0,0,0,0
"2024-08-19",0,0,0,0,0,0,0,0,0,0,"2020-10-03",0,0,0,0,0,0,0,0,0,0
"2024-08-20",0,0,0,0,0,0,0,0,0,0,"2020-10-04",0,0,0,0,0,0,0,0,0,0
"2024-08-21",0,0,0,0,0,0,0,0,0,0,"2020-10-05",0,0,0,0,0,0,0,0,0,0
"2024-08-22",0,0,0,0,0,0,0,0,0,0,"2020-10-06",0,0,0,0,0,0,0,0,0,0
"2024-08-23",0,0,0,0,0,0,0,0,0,0,"2020-10-07",0,0,0,0,0,0,0,0,0,0
"2024-08-24",0,0,0,0,0,0,0,0,0,0,"2020-10-08",0,0,0,0,0,0,0,0,0,0
"2024-08-25",0,0,0,0,0,0,0,0,0,0,"2020-10-09",0,0,0,0,0,0,0,0,0,0
"2024-08-26",0,0,0,0,0,0,0,0,0,0,"2020-10-10",0,0,0,0,0,0,0,0,0,0
"2024-08-27",0,0,0,0,0,0,0,0,0,0,"2020-10-11",0,0,0,0,0,0,0,0,0,0
"2024-08-28",0,0,0,0,0,0,0,0,0,0,"2020-10-12",0,0,0,0,0,0,0,0,0,0
"2024-08-29",0,0,0,0,0,0,0,0,0,0,"2020-10-13",0,0,0,0,0,0,0,0,0,0
"2024-08-30",1,140,0,0,140,7.5,0,0,0,147.5,"2020-10-14",0,0,0,0,0,0,0,0,0,0
"2024-08-31",0,0,0,0,0,0,0,0,0,0,"2020-10-15",0,0,0,0,0,0,0,0,0,0
"2024-09-01",1,134,0,0,134,7.5,0,0,0,141.5,"2020-10-16",0,0,0,0,0,0,0,0,0,0
"2024-09-02",0,0,0,0,0,0,0,0,0,0,"2020-10-17",0,0,0,0,0,0,0,0,0,0
"2024-09-03",1,114.19,0,0,114.19,25.49,0,0,0,139.68,"2020-10-18",0,0,0,0,0,0,0,0,0,0
"2024-09-04",0,0,0,0,0,0,0,0,0,0,"2020-10-19",0,0,0,0,0,0,0,0,0,0
"2024-09-05",0,0,0,0,0,0,0,0,0,0,"2020-10-20",0,0,0,0,0,0,0,0,0,0
"2024-09-06",0,0,0,0,0,0,0,0,0,0,"2020-10-21",0,0,0,0,0,0,0,0,0,0
"2024-09-07",0,0,0,0,0,0,0,0,0,0,"2020-10-22",0,0,0,0,0,0,0,0,0,0
"2024-09-08",0,0,0,0,0,0,0,0,0,0,"2020-10-23",0,0,0,0,0,0,0,0,0,0
"2024-09-09",0,0,0,0,0,0,0,0,0,0,"2020-10-24",0,0,0,0,0,0,0,0,0,0
"2024-09-10",0,0,0,0,0,0,0,0,0,0,"2020-10-25",0,0,0,0,0,0,0,0,0,0
"2024-09-11",0,0,0,0,0,0,0,0,0,0,"2020-10-26",0,0,0,0,0,0,0,0,0,0
"2024-09-12",0,0,0,0,0,0,0,0,0,0,"2020-10-27",0,0,0,0,0,0,0,0,0,0
"2024-09-13",0,0,0,0,0,0,0,0,0,0,"2020-10-28",0,0,0,0,0,0,0,0,0,0
"2024-09-14",0,0,0,0,0,0,0,0,0,0,"2020-10-29",0,0,0,0,0,0,0,0,0,0
"2024-09-15",0,0,0,0,0,0,0,0,0,0,"2020-10-30",0,0,0,0,0,0,0,0,0,0
"2024-09-16",0,0,0,0,0,0,0,0,0,0,"2020-10-31",0,0,0,0,0,0,0,0,0,0
"2024-09-17",0,0,0,0,0,0,0,0,0,0,"2020-11-01",0,0,0,0,0,0,0,0,0,0
"2024-09-18",1,264,-10,0,254,7.5,0,0,0,261.5,"2020-11-02",0,0,0,0,0,0,0,0,0,0
"2024-09-19",0,0,0,0,0,0,0,0,0,0,"2020-11-03",0,0,0,0,0,0,0,0,0,0
"2024-09-20",0,0,0,0,0,0,0,0,0,0,"2020-11-04",0,0,0,0,0,0,0,0,0,0
"2024-09-21",0,0,0,0,0,0,0,0,0,0,"2020-11-05",0,0,0,0,0,0,0,0,0,0
"2024-09-22",0,0,0,0,0,0,0,0,0,0,"2020-11-06",0,0,0,0,0,0,0,0,0,0
"2024-09-23",0,0,0,0,0,0,0,0,0,0,"2020-11-07",0,0,0,0,0,0,0,0,0,0
"2024-09-24",0,0,0,0,0,0,0,0,0,0,"2020-11-08",0,0,0,0,0,0,0,0,0,0
"2024-09-25",0,0,0,0,0,0,0,0,0,0,"2020-11-09",0,0,0,0,0,0,0,0,0,0
"2024-09-26",0,0,0,0,0,0,0,0,0,0,"2020-11-10",0,0,0,0,0,0,0,0,0,0
"2024-09-27",0,0,0,0,0,0,0,0,0,0,"2020-11-11",0,0,0,0,0,0,0,0,0,0
"2024-09-28",0,0,0,0,0,0,0,0,0,0,"2020-11-12",0,0,0,0,0,0,0,0,0,0
"2024-09-29",0,0,0,0,0,0,0,0,0,0,"2020-11-13",0,0,0,0,0,0,0,0,0,0
"2024-09-30",0,0,0,0,0,0,0,0,0,0,"2020-11-14",0,0,0,0,0,0,0,0,0,0
"2024-10-01",1,56,0,0,56,7.5,0,0,0,63.5,"2020-11-15",0,0,0,0,0,0,0,0,0,0
"2024-10-02",0,0,0,0,0,0,0,0,0,0,"2020-11-16",0,0,0,0,0,0,0,0,0,0
"2024-10-03",0,0,0,0,0,0,0,0,0,0,"2020-11-17",0,0,0,0,0,0,0,0,0,0
"2024-10-04",0,0,0,0,0,0,0,0,0,0,"2020-11-18",0,0,0,0,0,0,0,0,0,0
"2024-10-05",1,60,0,0,60,7.5,0,0,0,67.5,"2020-11-19",0,0,0,0,0,0,0,0,0,0
"2024-10-06",0,0,0,0,0,0,0,0,0,0,"2020-11-20",0,0,0,0,0,0,0,0,0,0
"2024-10-07",0,0,0,0,0,0,0,0,0,0,"2020-11-21",0,0,0,0,0,0,0,0,0,0
"2024-10-08",0,0,0,0,0,0,0,0,0,0,"2020-11-22",0,0,0,0,0,0,0,0,0,0
"2024-10-09",0,0,0,0,0,0,0,0,0,0,"2020-11-23",0,0,0,0,0,0,0,0,0,0
"2024-10-10",0,0,0,0,0,0,0,0,0,0,"2020-11-24",0,0,0,0,0,0,0,0,0,0
"2024-10-11",0,0,0,0,0,0,0,0,0,0,"2020-11-25",0,0,0,0,0,0,0,0,0,0
"2024-10-12",0,0,0,0,0,0,0,0,0,0,"2020-11-26",0,0,0,0,0,0,0,0,0,0
"2024-10-13",0,0,0,0,0,0,0,0,0,0,"2020-11-27",0,0,0,0,0,0,0,0,0,0
"2024-10-14",0,0,0,0,0,0,0,0,0,0,"2020-11-28",0,0,0,0,0,0,0,0,0,0
"2024-10-15",1,56,0,0,56,7.5,0,0,0,63.5,"2020-11-29",0,0,0,0,0,0,0,0,0,0
"2024-10-16",0,0,0,0,0,0,0,0,0,0,"2020-11-30",0,0,0,0,0,0,0,0,0,0
"2024-10-17",0,0,0,0,0,0,0,0,0,0,"2020-12-01",0,0,0,0,0,0,0,0,0,0
"2024-10-18",1,180,0,0,180,7.5,0,0,0,187.5,"2020-12-02",0,0,0,0,0,0,0,0,0,0
"2024-10-19",1,24,0,0,24,7.5,0,0,0,31.5,"2020-12-03",0,0,0,0,0,0,0,0,0,0
"2024-10-20",0,0,0,0,0,0,0,0,0,0,"2020-12-04",0,0,0,0,0,0,0,0,0,0
"2024-10-21",0,0,0,0,0,0,0,0,0,0,"2020-12-05",0,0,0,0,0,0,0,0,0,0
"2024-10-22",0,0,0,0,0,0,0,0,0,0,"2020-12-06",0,0,0,0,0,0,0,0,0,0
"2024-10-23",1,16,0,0,16,7.5,0,0,0,23.5,"2020-12-07",0,0,0,0,0,0,0,0,0,0
"2024-10-24",0,0,0,0,0,0,0,0,0,0,"2020-12-08",0,0,0,0,0,0,0,0,0,0
"2024-10-25",0,0,0,0,0,0,0,0,0,0,"2020-12-09",0,0,0,0,0,0,0,0,0,0
"2024-10-26",0,0,0,0,0,0,0,0,0,0,"2020-12-10",0,0,0,0,0,0,0,0,0,0
"2024-10-27",0,0,0,0,0,0,0,0,0,0,"2020-12-11",0,0,0,0,0,0,0,0,0,0
"2024-10-28",0,0,0,0,0,0,0,0,0,0,"2020-12-12",0,0,0,0,0,0,0,0,0,0
"2024-10-29",1,76,0,0,76,7.5,0,0,0,83.5,"2020-12-13",0,0,0,0,0,0,0,0,0,0
"2024-10-30",0,0,0,0,0,0,0,0,0,0,"2020-12-14",0,0,0,0,0,0,0,0,0,0
"2024-10-31",1,144,0,0,144,7.5,0,0,0,151.5,"2020-12-15",0,0,0,0,0,0,0,0,0,0
"2024-11-01",0,0,0,0,0,0,0,0,0,0,"2020-12-16",0,0,0,0,0,0,0,0,0,0
"2024-11-02",0,0,0,0,0,0,0,0,0,0,"2020-12-17",0,0,0,0,0,0,0,0,0,0
"2024-11-03",0,0,0,0,0,0,0,0,0,0,"2020-12-18",0,0,0,0,0,0,0,0,0,0
"2024-11-04",1,144.84,0,0,144.84,35.7,0,0,0,180.54,"2020-12-19",0,0,0,0,0,0,0,0,0,0
"2024-11-05",0,0,0,0,0,0,0,0,0,0,"2020-12-20",0,0,0,0,0,0,0,0,0,0
"2024-11-06",2,22,0,0,22,15,0,0,0,37,"2020-12-21",0,0,0,0,0,0,0,0,0,0
"2024-11-07",0,0,0,0,0,0,0,0,0,0,"2020-12-22",0,0,0,0,0,0,0,0,0,0
"2024-11-08",0,0,0,0,0,0,0,0,0,0,"2020-12-23",0,0,0,0,0,0,0,0,0,0
"2024-11-09",1,28,0,0,28,7.5,0,0,0,35.5,"2020-12-24",0,0,0,0,0,0,0,0,0,0
"2024-11-10",0,0,0,0,0,0,0,0,0,0,"2020-12-25",0,0,0,0,0,0,0,0,0,0
"2024-11-11",0,0,0,0,0,0,0,0,0,0,"2020-12-26",0,0,0,0,0,0,0,0,0,0
"2024-11-12",1,11,0,0,11,7.5,0,0,0,18.5,"2020-12-27",0,0,0,0,0,0,0,0,0,0
"2024-11-13",0,0,0,0,0,0,0,0,0,0,"2020-12-28",0,0,0,0,0,0,0,0,0,0
"2024-11-14",0,0,0,0,0,0,0,0,0,0,"2020-12-29",0,0,0,0,0,0,0,0,0,0
"2024-11-15",1,64,0,0,64,7.5,0,0,0,71.5,"2020-12-30",0,0,0,0,0,0,0,0,0,0
"2024-11-16",0,0,0,0,0,0,0,0,0,0,"2020-12-31",0,0,0,0,0,0,0,0,0,0
"2024-11-17",1,11,0,0,11,7.5,0,0,0,18.5,"2021-01-01",0,0,0,0,0,0,0,0,0,0
"2024-11-18",1,109.97,0,0,109.97,25.46,0,0,0,135.43,"2021-01-02",0,0,0,0,0,0,0,0,0,0
"2024-11-19",0,0,0,0,0,0,0,0,0,0,"2021-01-03",0,0,0,0,0,0,0,0,0,0
"2024-11-20",0,0,0,0,0,0,0,0,0,0,"2021-01-04",0,0,0,0,0,0,0,0,0,0
"2024-11-21",2,124,0,0,124,15,0,0,0,139,"2021-01-05",0,0,0,0,0,0,0,0,0,0
"2024-11-22",0,0,0,0,0,0,0,0,0,0,"2021-01-06",0,0,0,0,0,0,0,0,0,0
"2024-11-23",2,115,0,0,115,15,0,0,0,130,"2021-01-07",0,0,0,0,0,0,0,0,0,0
"2024-11-24",0,0,0,0,0,0,0,0,0,0,"2021-01-08",0,0,0,0,0,0,0,0,0,0
"2024-11-25",0,0,0,0,0,0,0,0,0,0,"2021-01-09",0,0,0,0,0,0,0,0,0,0
"2024-11-26",1,152,-10,0,142,7.5,0,0,0,149.5,"2021-01-10",0,0,0,0,0,0,0,0,0,0
"2024-11-27",1,97,0,0,97,7.5,0,0,0,104.5,"2021-01-11",0,0,0,0,0,0,0,0,0,0
"2024-11-28",0,0,0,0,0,0,0,0,0,0,"2021-01-12",0,0,0,0,0,0,0,0,0,0
"2024-11-29",0,0,0,0,0,0,0,0,0,0,"2021-01-13",0,0,0,0,0,0,0,0,0,0
"2024-11-30",2,62,0,0,62,15,0,0,0,77,"2021-01-14",0,0,0,0,0,0,0,0,0,0
"2024-12-01",2,42,0,0,42,15,0,0,0,57,"2021-01-15",0,0,0,0,0,0,0,0,0,0
"2024-12-02",0,0,0,0,0,0,0,0,0,0,"2021-01-16",0,0,0,0,0,0,0,0,0,0
"2024-12-03",0,0,0,0,0,0,0,0,0,0,"2021-01-17",0,0,0,0,0,0,0,0,0,0
"2024-12-04",1,158,0,0,158,7.5,0,0,0,165.5,"2021-01-18",0,0,0,0,0,0,0,0,0,0
"2024-12-05",0,0,0,0,0,0,0,0,0,0,"2021-01-19",0,0,0,0,0,0,0,0,0,0
"2024-12-06",1,26,0,0,26,7.5,0,0,0,33.5,"2021-01-20",0,0,0,0,0,0,0,0,0,0
"2024-12-07",1,134.64,0,-26,108.64,28.2,0,0,0,136.84,"2021-01-21",0,0,0,0,0,0,0,0,0,0
"2024-12-08",1,136,0,0,136,7.5,0,0,0,143.5,"2021-01-22",0,0,0,0,0,0,0,0,0,0
"2024-12-09",3,374.96,0,0,374.96,40.5,0,0,0,415.46,"2021-01-23",0,0,0,0,0,0,0,0,0,0
"2024-12-10",0,0,0,0,0,0,0,0,0,0,"2021-01-24",0,0,0,0,0,0,0,0,0,0
"2024-12-11",0,0,0,0,0,0,0,0,0,0,"2021-01-25",0,0,0,0,0,0,0,0,0,0
"2024-12-12",1,60,0,0,60,7.5,0,0,0,67.5,"2021-01-26",0,0,0,0,0,0,0,0,0,0
"2024-12-13",0,0,0,0,0,0,0,0,0,0,"2021-01-27",0,0,0,0,0,0,0,0,0,0
"2024-12-14",1,112,0,0,112,7.5,0,0,0,119.5,"2021-01-28",0,0,0,0,0,0,0,0,0,0
"2024-12-15",1,32,0,0,32,7.5,0,0,0,39.5,"2021-01-29",0,0,0,0,0,0,0,0,0,0
"2024-12-16",0,0,0,0,0,0,0,0,0,0,"2021-01-30",0,0,0,0,0,0,0,0,0,0
"2024-12-17",0,0,0,0,0,0,0,0,0,0,"2021-01-31",0,0,0,0,0,0,0,0,0,0
"2024-12-18",0,0,0,0,0,0,0,0,0,0,"2021-02-01",0,0,0,0,0,0,0,0,0,0
"2024-12-19",1,56.84,0,0,56.84,35.51,0,0,0,92.35,"2021-02-02",0,0,0,0,0,0,0,0,0,0
"2024-12-20",0,0,0,0,0,0,0,0,0,0,"2021-02-03",0,0,0,0,0,0,0,0,0,0
"2024-12-21",0,0,0,0,0,0,0,0,0,0,"2021-02-04",0,0,0,0,0,0,0,0,0,0
"2024-12-22",1,40,0,0,40,7.5,0,0,0,47.5,"2021-02-05",0,0,0,0,0,0,0,0,0,0
"2024-12-23",0,0,0,0,0,0,0,0,0,0,"2021-02-06",0,0,0,0,0,0,0,0,0,0
"2024-12-24",0,0,0,0,0,0,0,0,0,0,"2021-02-07",0,0,0,0,0,0,0,0,0,0
"2024-12-25",0,0,0,0,0,0,0,0,0,0,"2021-02-08",0,0,0,0,0,0,0,0,0,0
"2024-12-26",0,0,0,0,0,0,0,0,0,0,"2021-02-09",0,0,0,0,0,0,0,0,0,0
"2024-12-27",0,0,0,0,0,0,0,0,0,0,"2021-02-10",0,0,0,0,0,0,0,0,0,0
"2024-12-28",0,0,0,0,0,0,0,0,0,0,"2021-02-11",0,0,0,0,0,0,0,0,0,0
"2024-12-29",0,0,0,0,0,0,0,0,0,0,"2021-02-12",0,0,0,0,0,0,0,0,0,0
"2024-12-30",0,0,0,0,0,0,0,0,0,0,"2021-02-13",0,0,0,0,0,0,0,0,0,0
"2024-12-31",0,0,0,0,0,0,0,0,0,0,"2021-02-14",0,0,0,0,0,0,0,0,0,0
"2025-01-01",1,110,0,0,110,7.5,0,0,0,117.5,"2021-02-15",0,0,0,0,0,0,0,0,0,0
"2025-01-02",3,285,0,0,285,22.5,0,0,0,307.5,"2021-02-16",0,0,0,0,0,0,0,0,0,0
"2025-01-03",1,62,0,0,62,7.5,0,0,0,69.5,"2021-02-17",0,0,0,0,0,0,0,0,0,0
"2025-01-04",1,64,0,0,64,7.5,0,0,0,71.5,"2021-02-18",0,0,0,0,0,0,0,0,0,0
"2025-01-05",0,0,0,0,0,0,0,0,0,0,"2021-02-19",0,0,0,0,0,0,0,0,0,0
"2025-01-06",0,0,0,0,0,0,0,0,0,0,"2021-02-20",0,0,0,0,0,0,0,0,0,0
"2025-01-07",0,0,0,0,0,0,0,0,0,0,"2021-02-21",0,0,0,0,0,0,0,0,0,0
"2025-01-08",0,0,0,0,0,0,0,0,0,0,"2021-02-22",0,0,0,0,0,0,0,0,0,0
"2025-01-09",0,0,0,0,0,0,0,0,0,0,"2021-02-23",0,0,0,0,0,0,0,0,0,0
"2025-01-10",0,0,0,0,0,0,0,0,0,0,"2021-02-24",0,0,0,0,0,0,0,0,0,0
"2025-01-11",0,0,0,0,0,0,0,0,0,0,"2021-02-25",0,0,0,0,0,0,0,0,0,0
"2025-01-12",0,0,0,0,0,0,0,0,0,0,"2021-02-26",0,0,0,0,0,0,0,0,0,0
"2025-01-13",0,0,0,-68.07,-68.07,0,0,0,0,-68.07,"2021-02-27",0,0,0,0,0,0,0,0,0,0
"2025-01-14",1,294,-10,0,284,7.5,0,0,0,291.5,"2021-02-28",0,0,0,0,0,0,0,0,0,0
"2025-01-15",0,0,0,0,0,0,0,0,0,0,"2021-03-01",0,0,0,0,0,0,0,0,0,0
"2025-01-16",1,48,0,0,48,7.5,0,0,0,55.5,"2021-03-02",0,0,0,0,0,0,0,0,0,0
"2025-01-17",0,0,0,0,0,0,0,0,0,0,"2021-03-03",0,0,0,0,0,0,0,0,0,0
"2025-01-18",2,49,0,0,49,15,0,0,0,64,"2021-03-04",0,0,0,0,0,0,0,0,0,0
"2025-01-19",0,0,0,0,0,0,0,0,0,0,"2021-03-05",0,0,0,0,0,0,0,0,0,0
"2025-01-20",0,0,0,0,0,0,0,0,0,0,"2021-03-06",0,0,0,0,0,0,0,0,0,0
"2025-01-21",0,0,0,0,0,0,0,0,0,0,"2021-03-07",0,0,0,0,0,0,0,0,0,0
"2025-01-22",1,28,0,0,28,7.5,0,0,0,35.5,"2021-03-08",0,0,0,0,0,0,0,0,0,0
"2025-01-23",0,0,0,0,0,0,0,0,0,0,"2021-03-09",0,0,0,0,0,0,0,0,0,0
"2025-01-24",1,340,0,0,340,0,0,0,0,340,"2021-03-10",0,0,0,0,0,0,0,0,0,0
"2025-01-25",0,0,0,0,0,0,0,0,0,0,"2021-03-11",0,0,0,0,0,0,0,0,0,0
"2025-01-26",0,0,0,0,0,0,0,0,0,0,"2021-03-12",0,0,0,0,0,0,0,0,0,0
"2025-01-27",0,0,0,0,0,0,0,0,0,0,"2021-03-13",0,0,0,0,0,0,0,0,0,0
"2025-01-28",1,28,0,0,28,7.5,0,0,0,35.5,"2021-03-14",0,0,0,0,0,0,0,0,0,0
"2025-01-29",0,0,0,0,0,0,0,0,0,0,"2021-03-15",0,0,0,0,0,0,0,0,0,0
"2025-01-30",0,0,0,0,0,0,0,0,0,0,"2021-03-16",0,0,0,0,0,0,0,0,0,0
"2025-01-31",0,0,0,0,0,0,0,0,0,0,"2021-03-17",0,0,0,0,0,0,0,0,0,0
"2025-02-01",0,0,0,0,0,0,0,0,0,0,"2021-03-18",0,0,0,0,0,0,0,0,0,0
"2025-02-02",0,0,0,0,0,0,0,0,0,0,"2021-03-19",0,0,0,0,0,0,0,0,0,0
"2025-02-03",1,135.78,0,0,135.78,36,0,0,0,171.78,"2021-03-20",0,0,0,0,0,0,0,0,0,0
"2025-02-04",0,0,0,0,0,0,0,0,0,0,"2021-03-21",0,0,0,0,0,0,0,0,0,0
"2025-02-05",0,0,0,0,0,0,0,0,0,0,"2021-03-22",0,0,0,0,0,0,0,0,0,0
"2025-02-06",0,0,0,0,0,0,0,0,0,0,"2021-03-23",0,0,0,0,0,0,0,0,0,0
"2025-02-07",0,0,0,0,0,0,0,0,0,0,"2021-03-24",0,0,0,0,0,0,0,0,0,0
"2025-02-08",0,0,0,0,0,0,0,0,0,0,"2021-03-25",0,0,0,0,0,0,0,0,0,0
"2025-02-09",0,0,0,0,0,0,0,0,0,0,"2021-03-26",0,0,0,0,0,0,0,0,0,0
"2025-02-10",0,0,0,0,0,0,0,0,0,0,"2021-03-27",0,0,0,0,0,0,0,0,0,0
"2025-02-11",0,0,0,0,0,0,0,0,0,0,"2021-03-28",0,0,0,0,0,0,0,0,0,0
"2025-02-12",0,0,0,0,0,0,0,0,0,0,"2021-03-29",0,0,0,0,0,0,0,0,0,0
"2025-02-13",0,0,0,0,0,0,0,0,0,0,"2021-03-30",0,0,0,0,0,0,0,0,0,0
"2025-02-14",0,0,0,0,0,0,0,0,0,0,"2021-03-31",0,0,0,0,0,0,0,0,0,0
"2025-02-15",0,0,0,0,0,0,0,0,0,0,"2021-04-01",0,0,0,0,0,0,0,0,0,0
"2025-02-16",0,0,0,0,0,0,0,0,0,0,"2021-04-02",0,0,0,0,0,0,0,0,0,0
"2025-02-17",0,0,0,0,0,0,0,0,0,0,"2021-04-03",0,0,0,0,0,0,0,0,0,0
"2025-02-18",0,0,0,0,0,0,0,0,0,0,"2021-04-04",0,0,0,0,0,0,0,0,0,0
"2025-02-19",0,0,0,0,0,0,0,0,0,0,"2021-04-05",0,0,0,0,0,0,0,0,0,0
"2025-02-20",1,73.44,0,0,73.44,35.7,0,0,0,109.14,"2021-04-06",0,0,0,0,0,0,0,0,0,0
"2025-02-21",0,0,0,0,0,0,0,0,0,0,"2021-04-07",0,0,0,0,0,0,0,0,0,0
"2025-02-22",0,0,0,0,0,0,0,0,0,0,"2021-04-08",0,0,0,0,0,0,0,0,0,0
"2025-02-23",0,0,0,0,0,0,0,0,0,0,"2021-04-09",0,0,0,0,0,0,0,0,0,0
"2025-02-24",0,0,0,0,0,0,0,0,0,0,"2021-04-10",0,0,0,0,0,0,0,0,0,0
"2025-02-25",0,0,0,0,0,0,0,0,0,0,"2021-04-11",0,0,0,0,0,0,0,0,0,0
"2025-02-26",0,0,0,0,0,0,0,0,0,0,"2021-04-12",0,0,0,0,0,0,0,0,0,0
"2025-02-27",0,0,0,0,0,0,0,0,0,0,"2021-04-13",0,0,0,0,0,0,0,0,0,0
"2025-02-28",0,0,0,0,0,0,0,0,0,0,"2021-04-14",0,0,0,0,0,0,0,0,0,0
"2025-03-01",0,0,0,0,0,0,0,0,0,0,"2021-04-15",0,0,0,0,0,0,0,0,0,0
"2025-03-02",0,0,0,0,0,0,0,0,0,0,"2021-04-16",0,0,0,0,0,0,0,0,0,0
"2025-03-03",0,0,0,0,0,0,0,0,0,0,"2021-04-17",0,0,0,0,0,0,0,0,0,0
"2025-03-04",1,40,0,0,40,7.5,0,0,0,47.5,"2021-04-18",0,0,0,0,0,0,0,0,0,0
"2025-03-05",0,0,0,0,0,0,0,0,0,0,"2021-04-19",0,0,0,0,0,0,0,0,0,0
"2025-03-06",0,0,0,0,0,0,0,0,0,0,"2021-04-20",0,0,0,0,0,0,0,0,0,0
"2025-03-07",0,0,0,0,0,0,0,0,0,0,"2021-04-21",0,0,0,0,0,0,0,0,0,0
"2025-03-08",0,0,0,0,0,0,0,0,0,0,"2021-04-22",0,0,0,0,0,0,0,0,0,0
"2025-03-09",0,0,0,0,0,0,0,0,0,0,"2021-04-23",0,0,0,0,0,0,0,0,0,0
"2025-03-10",0,0,0,0,0,0,0,0,0,0,"2021-04-24",0,0,0,0,0,0,0,0,0,0
"2025-03-11",0,0,0,0,0,0,0,0,0,0,"2021-04-25",0,0,0,0,0,0,0,0,0,0
"2025-03-12",2,406.64,-10.2,0,396.44,43.2,0,0,0,439.64,"2021-04-26",0,0,0,0,0,0,0,0,0,0
"2025-03-13",1,38,0,0,38,7.5,0,0,0,45.5,"2021-04-27",0,0,0,0,0,0,0,0,0,0
"2025-03-14",0,0,0,0,0,0,0,0,0,0,"2021-04-28",0,0,0,0,0,0,0,0,0,0
"2025-03-15",0,0,0,0,0,0,0,0,0,0,"2021-04-29",0,0,0,0,0,0,0,0,0,0
"2025-03-16",1,16,0,0,16,7.5,0,0,0,23.5,"2021-04-30",0,0,0,0,0,0,0,0,0,0
"2025-03-17",0,0,0,0,0,0,0,0,0,0,"2021-05-01",0,0,0,0,0,0,0,0,0,0
"2025-03-18",0,0,0,0,0,0,0,0,0,0,"2021-05-02",0,0,0,0,0,0,0,0,0,0
"2025-03-19",1,25,0,0,25,7.5,0,0,0,32.5,"2021-05-03",0,0,0,0,0,0,0,0,0,0
"2025-03-20",1,132,0,0,132,7.5,0,0,0,139.5,"2021-05-04",0,0,0,0,0,0,0,0,0,0
"2025-03-21",1,25,0,0,25,7.5,0,0,0,32.5,"2021-05-05",0,0,0,0,0,0,0,0,0,0
"2025-03-22",0,0,0,0,0,0,0,0,0,0,"2021-05-06",0,0,0,0,0,0,0,0,0,0
"2025-03-23",1,307.36,0,0,307.36,25.61,0,0,0,332.97,"2021-05-07",0,0,0,0,0,0,0,0,0,0
"2025-03-24",4,239.5,0,-3.3,236.2,50.7,0,0,0,286.9,"2021-05-08",0,0,0,0,0,0,0,0,0,0
"2025-03-25",0,0,0,0,0,0,0,0,0,0,"2021-05-09",0,0,0,0,0,0,0,0,0,0
"2025-03-26",0,0,0,0,0,0,0,0,0,0,"2021-05-10",0,0,0,0,0,0,0,0,0,0
"2025-03-27",0,0,0,0,0,0,0,0,0,0,"2021-05-11",0,0,0,0,0,0,0,0,0,0
"2025-03-28",1,16,0,0,16,7.5,0,0,0,23.5,"2021-05-12",0,0,0,0,0,0,0,0,0,0
"2025-03-29",0,0,0,0,0,0,0,0,0,0,"2021-05-13",0,0,0,0,0,0,0,0,0,0
"2025-03-30",1,326.4,-10.2,0,316.2,35.7,0,0,0,351.9,"2021-05-14",0,0,0,0,0,0,0,0,0,0
"2025-03-31",1,158.1,0,0,158.1,0,0,0,0,158.1,"2021-05-15",0,0,0,0,0,0,0,0,0,0
"2025-04-01",1,38,0,0,38,7.5,0,0,0,45.5,"2021-05-16",0,0,0,0,0,0,0,0,0,0
"2025-04-02",1,30,0,0,30,7.5,0,0,0,37.5,"2021-05-17",0,0,0,0,0,0,0,0,0,0
"2025-04-03",0,0,0,0,0,0,0,0,0,0,"2021-05-18",0,0,0,0,0,0,0,0,0,0
"2025-04-04",0,0,0,0,0,0,0,0,0,0,"2021-05-19",0,0,0,0,0,0,0,0,0,0
"2025-04-05",0,0,0,0,0,0,0,0,0,0,"2021-05-20",0,0,0,0,0,0,0,0,0,0
"2025-04-06",0,0,0,0,0,0,0,0,0,0,"2021-05-21",0,0,0,0,0,0,0,0,0,0
"2025-04-07",1,28,0,0,28,7.5,0,0,0,35.5,"2021-05-22",0,0,0,0,0,0,0,0,0,0
"2025-04-08",0,0,0,0,0,0,0,0,0,0,"2021-05-23",0,0,0,0,0,0,0,0,0,0
"2025-04-09",1,28,0,0,28,7.5,0,0,0,35.5,"2021-05-24",0,0,0,0,0,0,0,0,0,0
"2025-04-10",0,0,0,0,0,0,0,0,0,0,"2021-05-25",0,0,0,0,0,0,0,0,0,0
"2025-04-11",0,0,0,0,0,0,0,0,0,0,"2021-05-26",0,0,0,0,0,0,0,0,0,0
"2025-04-12",1,170,0,0,170,7.5,0,0,0,177.5,"2021-05-27",0,0,0,0,0,0,0,0,0,0
"2025-04-13",0,0,0,0,0,0,0,0,0,0,"2021-05-28",0,0,0,0,0,0,0,0,0,0
"2025-04-14",0,0,0,0,0,0,0,0,0,0,"2021-05-29",0,0,0,0,0,0,0,0,0,0
"2025-04-15",0,0,0,0,0,0,0,0,0,0,"2021-05-30",0,0,0,0,0,0,0,0,0,0
