Date,Author,Body,Heading,Rating,Location
2025-04-16,customer,"I love Abask and it’s my go to place for special gifts. The customer service is one of the best and they always go above and beyond. The products are stunning and the packaging is exquisite. The whole experience is excellent, which is why I keep coming back and will continue to do so. Couldn’t recommend enough. ",I love Abask and it’s my go to place…,5,GB
2025-04-14,Lucy Price,"Seamless transaction and very high quality item.
Proving once again, in life you get what you pay for!",Great luxury homeware vendor,5,US
2025-04-03,Eleanor,Very good quality products and great customer service.Bought a set of beach towels for my mum for Mother's day. The gift wrap box arrived damaged in the post and when I contacted the shop by email they had a new box in perfect condition shipped out the very next day. Will be buying from them again! ,Very good quality products and great…,5,GB
2025-03-29,Andrew Valitt,"I’ve bought a number of times from Abask.  The items they have for purchase are unique and beautiful.  Their service is exceptional.  The items are always prepared well for shipment, and arrive timely and without incident.",I’ve bought a number of times from…,5,US
2025-03-27,Daniela Herrera,"The purchase was a gift for my sister, it arrived on time. I bought a stapler for her and it's rapping was so nice, you guys really out did yourself. Loved it. ",Gift,5,US
2025-03-19,sophie keegan,I have never recieved my shipment ,I have never recieved my shipment,1,DE
2025-03-15,BZ,They have a great selection of beautiful designs which cannot be easily found and ordered elsewhere. The fast delivery and thoughtful packaging show how much they care about each product and customer. Highly recommend this store to anyone who is looking for something unique or luxurious gift.,Amazing Experience!,5,GB
2025-03-14,Maura Troiano,Love my beautiful dishes!  Unique & beautiful!,Love my beautiful dishes,5,US
2025-03-11,JOSE DOS SANTOS,"We didn't keep the product because my wife is hard to please... but Abask performed very well, the product was very nice, well pacjkaged, return service went more or less as polanned (DHL is a bit more complicated...).","Nice products, nice service. Great experience",5,US
2025-03-10,LC,Love this brand – so quirky and eye-catching. Perfect holiday shoes.,Rainbow-striped mules,5,GB
2025-03-07,Z.B.,"A wonderful site with unique, exquisite items. The service is excellent. ",A wonderful site ,5,GB
2025-03-05,Sheila G.,This is my second purchase from Abask -- incredibly professional -- fantastic experience from A-Z -- shipping is fast and the packaging is out of this world. Thank you!,This is my second purchase from Abask…,5,US
2025-03-04,PabAndres,i ordered some beautiful paperweight items. Incredibly packaged well and the delivery was quick and seamless. All of my deliveries were well packaged. Incredible customer service and I will be a returning customer.,i ordered some beautiful paperweight…,5,US
2025-02-27,Jorge Lopez,"Great experience.  Product arrive from the UK to Dallas, TX in less than a week.   ",Great experience,5,US
2025-02-25,Mar Fernández,"Great fast delivery times, and beautiful packaging.",Great fast delivery times,5,PT
2025-02-25,Colin Pearson,Fantastic product. Ordered whilst overseas and was delivered before my return and was extremely well packaged.,Fantastic product,5,GB
2025-02-25,A very satisfied customer,The customer service is fantastic.  I order from Abask all the time and it arrives beautifully packaged within 2-3 days of my order.  The products are beautiful and unique.  I've come to rely on Abask for so much of my gifting as well as special pieces for my home. ,The customer service is fantastic,5,US
2025-02-22,customer,"The team is very polite but the organization is not so good.
The description of some objects is not exact the measurements are not right.
So I ordered the wrong objects, and had to send them back.",The team is very polite but the…,3,DE
2025-02-22,T Hilda White,Prompt service -fabulous packaging ,Prompt service -fabulous packaging,5,US
2025-02-21,DLM,"Ordered a Czech glass Christmas tree which, it was discovered before shipping, happened to have a few loose glass stones. Not only was I contacted and given other options to replace it with a different one (these are all one of a kind) but the one I had ordered was sent to me at no cost!  That is customer service! Thanks for making my Christmas a very merry one!",True Customer Service,5,ES
2025-02-20,Peter,"Item arrived promptly, in perfect condition, appearance and function exactly as expected.",Item arrived promptly,5,US
2025-02-17,Dee Sheehan,Excellent quality products and service. ,Excellent quality products and service.,5,US
2025-02-15,Mary OConnor,Great customer support. Prompt delivery with fragiles extremely well packed. ,Great customer support,5,AU
2025-02-06,Marisol Arzeno,I happened to find this store by chance and it was like finding a treasure! You are treated first class from start to finish. Even its packaging was impressive. Prompt and professional service at all times. Its customer relations is outstanding! Great communication. Very very happy and satisfied with Abask. ,Abask is in a league of its own,5,US
2025-02-04,Sharon D.,"Abask customer service is as outstanding as the products they carry. Mikhail was polite and efficient in solving my problem. This is my new favorite place to shop for tableware and wedding gifts. On top of everything, the packaging is exquisite.",Abask customer service as good as the beautiful products they offer.,5,US
2025-01-30,Christopher-Calvin Pollard,My order arrived on time and the ABASK gift packaging was splendid., ABASK is Splendid ,5,US
2025-01-28,sandy,Seemless!!,Seemless!!,5,AU
2025-01-27,Alexandra,"Excellent selection, excellent platform, excellent service.   ",Very positive experience,5,US
2025-01-24,Wendy Goldberg,"Everything. Ordering was easy and fun, ceramics are works of art, and I had to stop myself from ordering 
more than my shelves and cupboards can hold. Delivery was prompt, everything packed well and arrived in perfect condition. No more Crate and Barrel white! Colors and design make every food a sensual treat. I could not be happier!",Everything,5,US
2025-01-10,Aaron M,"Unique and beautiful artistic products.
Very fast processing and shipping; super nice packaging.",Beautiful artistic products,5,CA
2025-01-09,Chris Oberlander,beautiful and timely,beautiful and timely,5,US
2025-01-03,Karbonel,"It was great, my package delivered fast and my goods were packed in a wonderful artistic box. ",Great shopping ,5,US
2025-01-03,Mark Freeman,Amazing packing and fast delivery.   Great fun!!!,Amazing packing and fast delivery,5,AU
2025-01-02,Chris Reynolds,"We ordered an item that needed to come all the way to Australia and yet the service was so prompt and efficient that it arrived in less than a week.  The item was a glass bowl that was packed more carefully and thoughtfully than any other parcel we’ve ever received. It was beautifully boxed and even included a note from the person who did the wrapping and a description of the box design, which is reusable  Our experience with. ABASK is that they are a pleasure to deal with.",A pleasure to deal with ,5,AU
2025-01-02,Catherine Dunne,"Can't say enough.  Fast shipping, product availabiltiy, packaging was amazing/ kept my items safe, and the gift wrap was exquisite!!!  This was my first experience with ABASK and I will use again. ",Beyond great experience,5,US
2025-01-02,Alexander From,"AMAZING SERVICE. My order of 10 wine glasses, despite being placed super close to Christmas and knowing it probably wouldn’t arrive in time, was delivered well ahead of schedule! I was absolutely delighted to receive it sooner than expected, especially during the busy holiday season. The level of care and attention to detail in the delivery was beyond impressive. It made my holiday experience even more special, and I couldn’t be happier with the entire process. Thank you for going above and beyond!",AMAZING SERVICE,5,DK
2024-12-17,Gwynneth Linsalata,"Beautiful things, shipped with consummate attention in a timely fashion!",Beautiful things,5,US
2024-12-12,Virginia Prieto C.,"The personalized service,  very nice.
Everything arrives on time,  if not they do a follow up and inform.
Packaging of orders is incredible,  very careful and perfect.
Selection of things is very good,  you can buy the best of the best.",The Best of the Best,5,CL
2024-12-11,Lily Youl,Fabulous service and products.  Fragile items were securely packed and the product arrived in excellent condition.  Highly recommend ABASK.,Fabulous service and products,5,AU
2024-12-11,Tanji,Beautiful staff and amazing products,Never Predicatable,5,GB
2024-12-10,Teri Alsobrook,"Beautiful, quality art, wonderfully packaged. A pleasure to give! ","Beautiful, quality art!",5,US
2024-12-10,Kathleen Malcolmson,Easy to shop online. Very fast shipping to US. This item is a gift.,Fast shipping to US,5,US
2024-12-09,Michael Clark,"A truly beautiful vintage Murano glass vase.

Exceeded my expectations ",A truly beautiful vintage Murano glass…,5,GB
2024-12-05,Katya,"Quick delivery, perfect packaging. ",Quick delivery,5,GB
2024-12-05,JWR,"Prompt delivery, secure packaging. ",Prompt delivery,5,US
2024-12-05,Eric,My item arrived quickly and was exactly as advertised. ,My item arrived quickly and was exactly…,5,US
2024-11-29,customer,"Beautiful blanket, really nicely packaged accompanied by a brilliantly curated catalogue of products which we’ll definitely purchase from in future. ",Delighted! ,5,GB
2024-11-28,Ms Claire Wilkinson,Towels are lovely customer service was beyond expectations 👏👏 great packaging too,Towels are lovely customer service was…,5,GB
2024-11-27,Raymond Toms,"Wonderful experience! I bought a beautiful bowl from Abask! It arrived within 3 days packed very well, highly recommend Abask! ",Wonderful experience! ,5,GB
2024-11-26,Linda M,"Beautiful items, but we misjudged the size of our ceramic, returning was easy and involved very pleasant interactions with the staff.  Couldn't be better.",Beautiful items and great returns experience,5,GB
2024-11-26,Paddy Galsworthy,"Superb customer service pre-order, great product, I’ll be coming back. ",Superb customer service pre-order,5,IE
2024-11-26,Jenny,I’m thrilled about my experience with Abask! My order shipped fast. The packaging was beautiful and it protected my shipment. The product was absolutely stunning. I’m so happy to have done business with Abask!,Excellent transaction ,5,US
2024-11-23,Louise Reichmann,"My delivery was fast and efficient and beautifully packaged by Abask. I love this online site, it’s easy to navigate and I am often contacted by the Abask team to assist me. ",Beautiful Abask…..,5,GB
2024-11-22,Ashley Case,Website is very easy to navigate and buy from ,Website is very easy to navigate and…,5,US
2024-11-21,Monica Kaufmann,"Abask is always a pleasure to deal with and the merchandise is top quality and can’t be found in my tiny valley or even Santa Barbara.  Love, love the frames!  They, with the photos, will be great gifts.  (I printed in sepia to avoid a riot of color with the frames.)",Abask is always a pleasure to deal with…,5,US
2024-11-21,Martha Franklin,I love this unique and beautiful glassware! ,Unique handmade glassware ,5,US
2024-11-20,Andreea Stanculescu,I am delighted with my purchese.The product arrieved in perfect condition and exactly as described on the website. Also the shipping was fastand customer service was exepcional.,I am delighted with my purchese.The…,5,ES
2024-11-19,Rachel,Great selection of unusual products on the website. Perfect if you're looking for a special gift. I bought some tableware for a friend's birthday which arrived in very good time and was exquisitely packaged in a beautiful gift box at no extra cost! How great is that?,Fast delivery. Beautiful packaging.,5,GB
2024-11-19,Susan Barnes,Excellent service - rapid shipment - beautiful object,Excellent service,5,US
2024-11-18,Chris J Prosser,Great product and very fast service.,Greats experience on the cards,5,GB
2024-11-13,Mr David Jagger ,"Came on time, well packed, no probs, thanks again:",Came on time,5,US
2024-11-12,elisa luksic,Everything was perfect! Thank you very much!! ,Everything was perfect,5,CL
2024-11-07,Patrick loureiro,"great product, smooth process",great product,5,US
2024-11-06,JARVIS STUDIO,Easy to navigate the website and the delivery was on time. The packaging was lovely!,Lux Experience ,5,US
2024-11-05,Brian Bockman,A beautifully curated collection of fine and unique merchandise delivered in exquisite and memorable packaging. ,A beautifully curated collection of…,5,MX
2024-11-04,Andrew,"New, unique luxury items appear every week. A Pandora's box to discover. The most beautiful mugs I've seen or owned. Stunning Abask packaging at no extra cost. ",Na Yong-hwan Buncheong Mugs,5,US
2024-11-01,Todd,Wonderful Product and Service! ,Wonderful Product and Service!,5,US
2024-11-01,Anne Topic,"Beautiful and beautifully made products.  Incredibly, my order arrived within 3 days, and I live in the U.S.  Shipping is complimentary, pricing is excellent (the same item elsewhere was twice as much).  Special mention to Mikhail Summer in Client Service, who managed my purchase and made sure I was well taken care of!",FANTASTIC,5,US
2024-10-26,Alicja,Abask is a fantastic company. I have ordered a few times and always had a great contact with customer service. I felt very well taken care of and safe.  All the items l ordered turned out to be the best quality and true to the pictures. Delivery was very fast and even made of  glass candle holders were packed the way nothing could break it. ,Abask is a fantastic company,5,GB
2024-10-25,J.D.,Love the box,Love the box,5,US
2024-10-25,Berkley McKeever,Personal service outstanding,Personal service outstanding,5,US
2024-10-14,Virginia Barr,I bought 4 Carlo Moretti blown murano glass tumbler from Abask.   They are beautiful.  They were delivered in the most stunning box.   I worked with Neil Kelley and he was amazing.   He was patient and walked me through the whole process.   I would highly recommend Abask and Neil.   Ginna Barr,Carlo Moretti tumblers,5,US
2024-10-08,Margaret Cole,Ease and timely delivery always thank you,Ease and timely delivery always thank…,5,US
2024-10-06,tina canales,"Easy to shop, beautiful products, unique ideas and efficient shipping!",Beautiful assortment!,5,MX
2024-10-03,Montana,Fast good service,Fast good service,5,US
2024-09-30,Kurt Carlson,"I received this message from DHL today. I am not an importer, don't have a business EIN #:


All imported shipments valued at over $2,500 or otherwise requiring a formal entry with U.S. Customs must have an Importer Number associated with it. This will be your company's EIN (Employer Identification Number) if you are importing for a U.S.-based business or your SSN (Social Security Number) if you are importing as yourself for personal consumption. As required by US Customs regulation [19 CFR §111.24], such information is kept confidential by DHL Express and not must not be shared with any party other than US Customs and Border Protection.



All the following elements are required for entry:

• Federal Tax ID/EIN or Social Security Number for the US Based Importer

• Legal name associated with Tax ID/EIN OR Social Security Number

• Proof of IRS to match the EIN or SSN entered (See attached list for acceptable IRS Proof)

• Address associated with EIN OR SSN

• Type of Address - residential, office building, warehouse, etc.

• Name, title, phone number and email of contact person

ABASK has been very responsive. I have not received my order yet but am appreciative for how hard ABASK is working to resolve issue. Kurt ",WHAT A HASSLE,5,US
2024-09-27,Gregory Gordon,PROMPT AND CORRECT,PROMPT AND CORRECT,5,US
2024-09-26,Linda Cheverton,The experience could not have been more efficient and positive.,The experience could not have been more…,5,US
2024-09-23,Gaia ,"Great design selection, delivered in no time",Great design selection,5,GB
2024-09-23,RC,"fantastic experience - quick delivery and the presentation was super luxe. The recipient was thrilled. 

",Fantastic,5,GB
2024-09-21,Michael G,"Mikhail of Customer Service, as always, was efficient, professional, friendly, caring and delightful to deal with.  Abask not only have unique and beautiful items, its customer service is simply superior; pleasantly exceeding my expectations. A favourite place to browse and shop. A+",Why shop elsewhere?,5,AU
2024-09-21,Lynn,arrived earlier than expected.  Gift packaging was beautiful!,arrived earlier than expected,5,US
2024-09-20,Nakajima,"After returning to ABASK wsite quite a few times over the recent years, I sensed this company could give me some satisfaction out of the first try at online shopping. That has turned out to be positive when I opened a delivery. What I received has been almost close to what I expected. Big thanks to ABASK.",My first purchase try.,4,GB
2024-09-16,Lauren Wachsman,I still don’t have any of my items and DHL is sending me random emails. ,I still don’t have any of my items and…,1,US
2024-09-16,Valued Customer,"Very unique items, excellent quality, amazing packaging. The item you purchase comes in a wonderful box (always in a different print) and just makes any purchase no matter how small even more rewarding. ",Very unique items,5,PK
2024-09-15,Natsumi Ohara,Everything was so smooth from placing an order to receiving them. Just want you want every online shopping experience to be! Abask has a beautiful selection of items and I’ll be sure to come back for more!,Everything was so smooth from placing…,5,US
2024-09-12,BARBARA GIL,"Gorgeous piece!!! Shipping was prompt-thank you. 
Awesome experience.",Gorgeous piece!!,5,US
2024-09-09,Holly V,"First time ordering from Abask and I live in a very remote place that not every company will ship to. Not only did my order arrive quickly, I was impressed to receive personal follow up from customer service when their usual carrier wouldn’t deliver. Abask is really on top of their customer service, going above and beyond to solve challenges, and everything in my order is so beautiful. Will definitely shop here again. ",Great service and follow through ,5,US
2024-09-07,Judy Manzi,I never got my purchase. DHL said it was delivered and showed a picture on a porch. It was NOT my porch !  I contacted them and they said you need to request a problem. ,I never got my purchase,1,US
2024-09-07,Charles Mathias,Arrived very promptly. Exactly as shown on website in terms of colour. High quality product. ,Arrived very promptly,5,GB
2024-09-07,Mari D,"Customer service is excellent, articles arrived in perfect condition, and with amazing speed.  Packaging of items absolutely gorgeous…..have never seen anything like it.  Items very high quality.  All very impressive.","Well run, high quality",5,US
2024-09-06,MEL,The quality and beautiful workmanship of the pottery.,Perfect Pottery,5,US
2024-09-04,AEW,The best customer service experience ever! Really went above and beyond,The best customer service experience…,5,GB
2024-09-02,Jill Greenberg,"The perfect finishing touch to my room.
Very fast delivery.  I love it!",The perfect finishing touch to my room.,5,US
2024-09-01,S S,"Really great experience with Abask. Fast shipping, smooth transaction, gorgeous wrapping and my purchase is so nice. What’s not to love? Kind of obsessed. ",Really great experience with Abask,5,US
2024-08-30,Rachel Rader,Quality control was an issue — I needed 2 replacement plates but customer service was very nice and helpful,Quality control was an issue,4,US
2024-08-28,Christina,Bought from Abask before and always delighted with purchases.  Quality products received promptly.,Bought from Abask before and always…,5,GB
2024-08-25,Susan,Beautiful product and gift!,Beautiful product and gift!,5,US
2024-08-23,M K Winston,"Great selection of products, user-friendly website, and excellent service!",Beautiful and unique vase,5,US
2024-08-18,Lui Kobashi,"Super fast shipping, quality product",Super fast shipping,5,US
2024-08-18,Louise Sanderson,Fantastic service QUick delivery kept informed,Fantastic service QUick delivery kept…,5,GB
2024-08-18,Eugenia Revson,"Beautiful glasses, fast delivery and easy!",Beautiful glasses,5,US
2024-08-17,Alberte,"Great unique store, with fast shipping (even coming from another country), the most interesting, fun products and amazing customer service, that was super helpful with advice and guiding when it comes to ordering :)
Can only recommend!",Great unique store!,5,DK
2024-08-15,Chip Rodgers,"You guys are just the best, thank you!",You guys are just the best,5,US
2024-08-15,Melinda Haldeman,"So glad I discovered Abask! Love the ease of selection, graphics, everything. My sister's birthday was made special with the wonderful tablecloth. She is an artist and a bit particular and loved the color, handmade quality, etc. 
I won't hesitate to look for gifts for myself and others on Abask in the future!",So glad I discovered Abask!,5,US
2024-08-13,Claire Fell,Bought a beautiful photo frame as a gift.  Excellent packaging and the frame arrived (UK) within 2 working days. I will definitely go to Abask again.,Bought a beautiful photo frame as a…,5,GB
2024-08-12,Margaret Quinlan,great packaging and products,great packaging and products,5,US
2024-08-11,Mary,"Amazing choice, easy ordering, super fast delivery - thank you abask team",Amazing choice,5,GB
2024-08-09,Mia Jung,The customer service is wonderful.  That makes all the difference!,The customer service is wonderful,5,US
2024-08-08,Arielle Condoret Schechter,Great customer service- I appreciate it!,Great customer service- I appreciate it!,5,US
2024-08-08,Tracy  Burr,Top notch customer service! ,Top notch customer service!,5,US
2024-08-04,Kathe,"Your products are great,fabulous  price and fast shipping to the us.!!! Thank you.","Your products are great,fabulous  price…",5,US
2024-08-04,Betsy Smith,Beautiful product quick delivery ,Beautiful product quick delivery,5,US
2024-08-04,Charlotte Black,Excellent item excellent service no fuss no complications thank you ,Excellent item excellent service no…,5,GB
2024-08-03,Sara Walker,Customer service and Quality of the board is exceptional! Will definitely recommend ,Customer service and Quality of the…,5,US
2024-08-03,Terry Toth,"THE PRODUCT IS FANTASTIC, THOUGH DELIVERY TOOK LONGER THAN I EXPECTED.  IT WAS A BIRTHDAY PRESENT ABOUT 1 1/2 WEEKS LATE.",THE PRODUCT IS FANTASTIC,3,US
2024-08-02,Stephen Miller,Excellent customer service ,Excellent customer service,5,US
2024-08-01,Anne Taille,"The quick delivery, the “safe’ package ",The quick delivery,5,AU
2024-07-28,J Evelyne,"The website was easy to navigate, and my purchase arrived quickly. It was well packed so it arrived in perfect condition ( it was a small vase). I love my purchase. The items on the website are wonderful.",The website was easy to navigate,5,US
2024-07-28,Cathy Chernoff,"Received the merchandise so quickly.
The gift box was gorgeous.
The recipient was thrilled with the gift.",Received the merchandise so quickly.,5,US
2024-07-27,David,"Your SEO team made it so that when I googled a specific espresso cup that is hard to find, your site brings up the much more common bigger size cup. But from the picture alone it’s hard to tell which size it is. As I was rushing I didn’t notice the bait and switch and now I have the wrong size cup. Unfortunately it is too delicate and came in too much packaging to try to return (you don’t even sell the espresso size). And I don’t want to spend any more time and money shipping. So I guess I’m stuck with a 500 dollar cup I don’t want, maybe kick some of that to your SEO team as a bonus, their lies and trickery got another idiot. ",SEO bait and switch ,1,US
2024-07-26,Laura,"I love the quality and design of the pieces I bought. They were all very nicely and personally packed, and shipping was fast.
The fact that duties are included are a huge extra 🙂

I’m quite impressed and will buy again from Abask!!",Recommend it and will buy again!,5,NL
2024-07-25,Ian Bartram,"Fantastic website something really different
Fast despatch with updated delivery details
Beautifully packaged and presented
Lovely catalogue enclosed 
Beautiful company to deal with ",Fantastic website Exceptional service ,5,GB
2024-07-22,Tom Wolfe,helpful staff,helpful staff,5,ES
2024-07-22,Donald Sawyer,My order was handled well and delivered promptly,Good job,5,US
2024-07-20,Marianna Binning,"Great selection!
And always fast, convenient, and complete in the fulfillment of orders.
",Great selection!,5,US
2024-07-20,Nancy,I am pretty sure the cups I received are plastic not Cristal ,I am pretty sure the cups I received…,1,US
2024-07-18,Sheryl,"Beautiful curation, efficient delivery. ",Beautiful curation,5,GB
2024-07-18,Phyllis  Dubuque,"Shipping was prompt, glasses properly packed and beautiful.",Shipping was prompt,5,US
2024-07-15,Mrs Trabelsi,"good Webside, description & fast shipping


",good Webside,5,DE
2024-07-11,Mrs H,Flawless shopping experience,Flawless shopping experience,5,GB
2024-07-08,Assaf,Product was as described. Customer service was way beyond expectations.,Perfect experience,5,GB
2024-07-07,B Weaver,Great service. ,Great service.,5,GB
2024-07-03,Clarisse Peralta,"Firstly, the curation is just excellent! The website is designed really well and makes for an enjoyable shopping experience. Next, it was really easy to reach out to their Client Service team. Mikhail was so helpful as I decided on what to purchase as a wedding gift. Lastly, the order arrived earlier than expected, was packed SO beautifully and brought joy to my friends. Overall, so glad that I discovered this site and will certainly be shopping for future gifts from here! ",Love Abask!!,5,SG
2024-06-24,Juan,Great packaging. Fast and easy delivery in the EU,Great packaging,5,FR
2024-06-21,Nell Alano,"I have to say this was the first time I’ve shopped at ABASK and I had an incredible service experience because of Jenney!!!
She answered all my questions and concerns and there were many.  She was very helpful and patient and to me that’s the most important to shopping especially online.",Excellent customer service ,5,US
2024-06-20,Andrew Ashley,Excellent service!,Excellent service!,5,GB
2024-06-17,Jesse Kittendorf,The product I received was chipped at the base. Didn't want to go through the hassle of shipping over seas,The product I received was chipped at…,2,US
2024-06-17,Josh,Prompt efficient beautifully packed. ,Prompt efficient beautifully packed.,5,AU
2024-06-17,Ms S Ebel,We placed a large order for an event. Jenney in customer service was excellent at helping us get the order in and kept in touch with the shipping through customs and afterwards to ensure we got everything in time and safely. ,We placed a large order for an event,5,GB
2024-06-10,john ,"Great antique or rather vintage products  exactly as described and in the photographs.
Delivery by DHL was fine.",Great antique or rather vintage…,5,GB
2024-06-07,Mary Anglin,"Amazing gift wrap and quality , beautiful workmanship!!! 
Love it ",Amazing gift wrap and quality ,5,US
2024-05-31,Eric,The delicate Terracotta bowl arrived cracked from UK in Cape Town. After informing Abask customer service via e-mail / photo three days later the replacement bowl arrived. No hassles just perfect service via two continents. ,Just good service ,5,ZA
2024-05-19,andrea beth,"One of the glasses I ordered arrived broken, the the customer service who advised me and the replacement service was swift and very efficient. The second glass came packed in a beautiful box.",Replacement item,4,GB
2024-05-19,Maider Dravasa,The beauty of the objects on Abask! My contact with Jenney who sent me so many mails and Whatsapp! ,The beauty of the objects on Abask,5,FR
2024-05-17,ARG,"Beautifully crafted items, very artistic and unusual
color choices!",Beautifully crafted items,5,US
2024-05-14,Paulette,"This is my first order from this website and my experience from start to finish has been nothing less than excellent.  

I ordered the orange leather wash bag from F.Hammann. Wow, wow, wow. I am so impressed! From the packaging to the wash bag itself. The craftsmanship, the design, the attention to detail, the colour, I love it all. It is simply gorgeous! I am so glad that I did not go for the 'designer one' I had in mind. This is far more superior. I now have my eyes on the matching jewellery box. 

Thank you for your excellent communication throughout. So glad I found your site! 
",Beautiful wash bag,5,GB
2024-05-13,Yunmi Moon,"I love it!!! Your company is best one!!
Thank you",I love it!!,5,US
2024-05-11,Philip Johnston,"Great service , great packaging , had to return one item and flawless returns too.",Excellent service ,5,GB
2024-05-09,Futaesaku Satoko,"Items were wrapped  very carefully and arrived at home in Tokyo earlier than I had expected! Thank  you so much. But, actually the only incense was not sent inperfect condition.( I thought that was difficult to be wrapped perfectlly.) Just in case, I e-mailed about that, and then Jenney in client service e-mailed me soon to apologize and tell me that a new box of incense was arranged and also no need to return the original box.
Her quick response and considerration
had made me so relieved.
In a few days, I received a new one.
Untill the time, she had e-mailed me several times. That also had got rid of my anxiety.
Thank you so much for promptly handling the matter with care.  ",Thank  you so much for promptly handling the matter with care.,5,JP
2024-05-07,zac hassan,Great customer service and knowledge of product,Excellent Customer Service,5,AU
2024-05-04,Peggy Krisch,Beautiful piece but bummed it did not come gift boxed like the last piece I bought from abask. I loved presenting the gift box to my grandmother and now will have to find some nice gift wrap for this piece. ,Beautiful piece but bummed it did not…,4,US
2024-05-02,christine raphael,"i would like to express the first class customer service i received from 
Mikhail Summer. i have never experienced such dedication, he went above and beyond to inform me of the delivery of my beautiful vase. After a complex journey i have now received it and am over joyed with it. Mikhail even took the time to inform me of the vital care instructions once he was assured i had received it. 
Mikhail is a credit to your company.",first class customer service i would like to express the first class…,5,GB
2024-04-29,Sarah O,beautiful product and great service,beautiful product and great service,5,GB
2024-04-26,Laszlo v.,"Simple, easy to follow instructions and lightning fast delivery.","Simple, easy & fast",5,CA
2024-04-25,Arlene,Excellent packaging and the gift box was very pretty. ,Excellent packaging and the gift box…,5,GB
2024-04-23,Brooke Davenport ,Love this company and its beautifully curated store. The most unique products that are exquisitely executed and delivered in the most beautiful boxes. It’s my new favorite. ,Love this company and its beautifully…,5,US
2024-04-22,antonella sala,"Because  the parcel was  wrapped  lovely and you wrote me that youwere going to take care with the problem at the customs
I really appreciate 
best",very nice wrapped,5,IT
2024-04-19,Siobahn Sung,Lovely experience! Very quick delivery. ,Lovely experience,5,US
2024-04-15,Mrs S,The double jigger arrived quickly and was gorgeous. I particularly appreciated the lovely box. It will make a perfect present ,Very happy customer…,5,GB
2024-04-13,Sondra Wagner,Beautiful things shipped quickly,Beautiful things shipped quickly,5,US
2024-04-04,marylin powers,Well packaged item quick shipping ,Well packaged item quick shipping,5,US
2024-04-02,Kelly Reiling,"I have been journaling for 10+ years, and these journals are hands-down the best journals I have ever bought. Not only are they beautifully crafted, but also the quality is top-tier. If you want to splurge on an amazing journal that you would use for months/years, I definitely recommend these. ",Incredible quality and beauty,5,US
2024-03-31,Jeremy Kutner,Wonderful service and wonderful products. Couldn’t be happier. ,Wonderful,5,GB
2024-03-23,A. Mitchell,I was amazed by the quick delivery and the very careful packing of the items we ordered. And we’re very happy with the lovely flatware. ,I was amazed by the quick delivery and…,5,US
2024-03-20,DANIELLE INSETTA,I am extremely pleased with the beautiful pieces I purchased from ABASK and impressed with the hands on meticulous service I received. The items arrived in artfully created beautiful boxes and shipped very quickly to me in the USA. ,Excellent in every way ,5,US
2024-02-25,Neda Kakhsaz,I did not receive the third package of items. ,I did not receive the third package of…,1,US
2024-02-23,Dana,"My purchase came beautifully and carefully packed, and arrived quickly.",High quality goods and service!,5,US
2024-02-23,customer,"Beautifully packed , secure and carefully packaged. Lovely item, timely dispatch. ",Beautifully packed ,5,GB
2024-02-23,Megan,"Seamless transaction.  Excellent communcation.  Robust packing.  We are very pleased with our basket, it has brightened an otherwise rather dull corner in our living room.",Seamless transaction,5,GB
2024-02-22,mb,"Everything was so special!  I bought a box as a gift, and the oohs and ahs started with the unwrapping.  Spectacular presentation of a beautiful object.  ",Everything was so special,5,US
2024-02-22,David Mazzoni,"Easy, seamless and immediate delivery for ginori items that can take forever to receive from other sites ",Easy,5,US
2024-02-22,Rebecah,Superb customer service. One item was incorrect in my order and they fixed the problem right away and are sending me the right item. Great company with beautiful stuff. ,Superb customer service,5,US
2024-02-21,Howard Winik,"This is an outstanding company in every respect. Quality products combined with superb service - even down to the wonderful packaging - all make for a first rate shopping experience.

Lovers of fine arts and crafts are spoilt for choice here. The stock is unashamedly at the higher end and those looking for that special gift are sure to find something special and different. The range has something for every taste and pocket.


My recent order for a Carl Auböck sculpture arrived quickly and the staff team - especially Mikhail - could not have been more helpful.

Thank you Abask!",Outstanding company in every respect…,5,GB
2024-02-20,James Cannon,Outstanding service from Jenney Deane.,Outstanding service from Jenney Deane.,5,AU
2024-02-17,xxxxx,"Product arrived quickly, beautifully presented in a gift box",Very impressed,5,GB
2024-02-16,MPugh,"The care of wrapping, communication and the beautiful product. All amazing!
Thank you!!",Perfection,5,US
2024-02-16,Béryl LE VIGOUREUX,Perfect ! Beautiful glass and beautiful package 🤩,Perfect,5,FR
2024-02-16,Claus,"Great ideas, wonderful products & brands and excellent execution. A must to take a regular look at the ABASK Webshop.",Exceptional,5,ES
2024-02-15,Devorah Nussenbaum,"Everything (and I mean everything) was perfect; the Astier plates I ordered, the wrapping, the shipping, the communication, the custom made gift box - included even though the order wasn't a gift. 
If Abask were here, in USA, I would shop there everyday.",Gorgeous,5,US
2024-02-14,Mr Massimo Brooks,"Fantastic. Received products next day, great communication on delivery. Items were beautifully packaged, and accurately described, thank you.",Fantastic,5,GB
2024-02-12,Samar Voriskova,Excellent service and perfect and safe packaging,Excellent …,5,CZ
2024-02-11,Kathryn Briggs,"journal I received isn't colour I believed I ordered, I chose the pure blue and white, but the one delivered was rainbow coloured with blue. Unfortunately, the packaging had already been disposed of as it was wrapped to be a christmas present, so it could not be returned. the quality of the journal itself was however good.",journal I received isn't colour I…,2,GB
2024-02-09,Mary Simon,The glass is a beautiful color and packaging kept the pieces safe    I appreciate the care the company takes in sending my order.,The glass is a beautiful color and…,5,US
2024-02-08,Jill Kraus,The staff was incredibly helpful. They pointed out there could be shipping issues clearing US customs because of the cost of the order. They were happy to speak to someone on our end to help.,The staff was incredibly helpful,5,US
2024-02-04,Justin McGovern,From the website design to how the order was packaged in the beautiful custom packaging which was art in itself was amazing!!,From the website design to how the…,5,US
2024-02-02,colette ,I received my gorgeous linens promptly and was followed up with an email to be sure I was happy,I received my gorgeous linens promptly…,5,US
2024-01-29,DIANA COHEN,Good service,Good service,5,GB
2024-01-28,Sophie,"Wonderful, from ordering and communication to delivery to the packaging itself! 100%",Wonderful,5,NL
2024-01-27,David Basra,Really great service. Very helpful with order completion.,Really great service,5,GB
2024-01-26,Ms MCTC ,Order promptly dispatched and Missoni cushion excellent value in the sale .,Order promptly dispatched and Missoni…,5,GB
2024-01-22,Izzy,Beautiful pieces that came really quickly and were packaged perfectly. What a wonderful company to discover.,Beautiful pieces that came really…,5,GB
2024-01-21,M Calder,"Great service, fast delivery, polite courier.",Great service,5,GB
2024-01-19,Steven Golber,"I was missing part of my purchase , I sent an email explaining the missing part. I did not hear anything for a week, then there was great follow up. The missing part was sent to me through express shipping. Beautifully packaged. What had been an imperfect experience quickly became perfect. It was better than perfect because I feel listened to and taken care of. ‘Pampered’ is the term. I would definitely purchase again from ABASK !",Follow up to complaint was better than I could have imagined,5,US
2024-01-18,Evan,The way the piece of pottery was wrapped was exquisite. Please thank Iveta.,The way the piece of pottery was…,5,US
2024-01-16,Anonymous,Great communication and fast shipping.,Great communication and fast shipping.,5,GB
2024-01-16,Pamela kroner,"I wanted the  Nason Moretti vase in green.  I had broken the rim of mine it fell into the sink.
I tried to buy it online from the company in Italy but it never went through.
I ended up buying it in yellow from your company and I am very pleased.  The green was not available.
The packaging was exquisite, beautifully wrapped,  and the person I dealt with was very helpful.",I wanted the  Nason Moretti vase in…,5,US
2024-01-15,Julian Haswell,Very interesting and well made products. First class service.,Quality products,5,GB
2024-01-15,Nick Qs,It was great,it was amazing,5,US
2024-01-12,Annma,"Wonderful object, wrapped with love in a beautiful box",Wonderful object,5,DK
2024-01-09,Maureen ,"Found a wonderful Perfumer H candle at best price ever…so I went back for another one.
Going to keep an eye on ABASK.
MC.",Found a wonderful Perfumer H candle at…,5,US
2024-01-08,Mary Wambach,My very special candle was safely and beautifully wrapped in a very special gift box and beautiful tissue paper which made for a very elegant gift to me!,My very special candle was safely and…,5,US
2024-01-08,Renee Quan,Stunning packaging. it was beautifully and carefully packed.,Stunning packaging,5,US
2024-01-07,Louise Brown,It was a quick and efficient customer experience from start to finish and I was blown away with the speedy service and beautiful packaging of my order. I would highly recommend.,It was a quick and efficient customer…,5,GB
2024-01-07,Paul,The site is easy to navigate and shipping and delivery were smooth and on time.,A great shopping experience.,5,US
2024-01-06,Chas,Beautiful packaging and really well packed. This makes the buying experience better and if they sell the products you want you will buy again. Communication also perfect!,Beautiful packaging and really well…,5,GB
2024-01-06,HCooper,New Abask stan-ordered my favorite candles at an undeniably good price and the shipping was quick and the packaging was beautiful!,New Abask stan!,5,US
2024-01-06,Joseph Farese,Abask was a new retailer to me as I live in the United States. I was pleasantly surprised by how easy it was to order internationally and how quickly and well packaged my candles arrived. Their customer service representatives are also top notch and answered all queries I had about my two shipments. I will absolutely shop here again for my Trudon candles and I hope they stock them again soon.,Abask was a new retailer to me as I…,5,US
2024-01-06,Alba,"Stunning.
Beautiful packaging- lovely gift, excellent quality.",Stunning.,5,GB
2023-12-17,Turner Fabian,Order from start to finish was WC. “World Class”,Order from start to finish was WC,5,US
2023-12-17,customer,My order was delivered beautifully packed in a few days time,Efficient! My order was delivered beautifully…,5,US
2023-12-17,Joanne Officer,Excellent ordering service.  Kept informed of delivery and superb quality packing of my item. Boxed beautifully. Very impressed.,Superbly gift wrapped. Very impressive.,5,GB
2023-12-14,Sheikh Al Egg,"A good example to all other online sellers of how things should be done. Great products, easy delivery and brilliant customer service. Impossible to fault. I'll certainly be back",A good example to all other online…,5,GB
2023-12-14,Jessica,Amazingly gorgeous gift wrap presentation thank you!!!!,Amazingly gorgeous gift wrap…,5,US
2023-12-13,Nicola Child,"First delivery - Large salad bowl arrived smashed, insufficient packaging. 
Second delivery - perfect, properly packed and undamaged. Also great customer service.",First delivery,3,GB
2023-12-12,Sandra B,Great customer service.  The blanket is beautiful!,Great company with,5,US
2023-12-12,Beverly,Order came fast and packaging was not only secure but beautiful.,Order came fast and packaging was not…,5,US
2023-12-12,Gregg Jones,"everything went seemless
from ordering on-line -to-arranging shipment and delivery 

Glasses arrived were correct as ordered and packed especially well",everything went seemless,5,US
2023-12-11,O M,"Amazing customer service. 
They helped me change my order when I had accidentally purchased an extra item, emailed me when my parcel wasn't delivered by the delivery service to see if they could help and then sent an interesting email with some cool facts about the product once my product arrived. It was fantastic! Will definitely shop here again.",Amazing customer service,5,AR
2023-12-10,Belinda Watson,"Speedy delivery, super packaging and product.",Speedy delivery,5,AU
2023-12-08,Robert Thames,A gift at another address delivered on time and intact. Thank you,A gift at another address delivered on…,5,US
2023-12-03,Bill,Very quick delivery.  Excellent customer service.,Very quick delivery,5,US
2023-11-30,Molly McBride,Sebastian de Souza!  What a treat to have him introduce Abask at the Armory.  Shipping and communication on my order was great. Abask is my new gift go-to.,Sebastian de Souza,5,US
2023-11-27,Joe Kos,Everything arrived on time and in great shape!,Everything arrived on time and in great…,5,US
2023-11-24,V. Kennedy,"Not only did I find my beautiful Baba Tree basket at Abask in a colorway I'd not found elsewhere, it arrived in a matter of a few days -- much quicker than most companies here in the States. As I wrote in a thank you, the packing itself was a work of art.  Beautiful (really!) natural, recyclable nets and wadding. I don't need much else in my little place, but when I'm looking for something very special, Abask is the first place I'll look.",Exemplary care in product curation and customer service,5,US
2023-11-24,Claire Coates,"I made a last minute purchase online for a birthday present.  Concerned that it wouldn't arrive on time, I called Customer Service and spoke with M, who checked and promised to expedite the order if necessary. He subsequently emailed reassurance. 
The order arrived on the Friday morning, two days after it was placed, most beautifully packaged and in time for the birthday party. The recipient was delighted with the ceramics.
It was so unusual to be able to speak to someone and get an immediate response, and to have the potential problem addressed. Thank you for the excellent service.",Excellent Service,5,GB
2023-11-23,kieron595,"I received my first order from ABASK and was impressed from the start. The personalised message in the well-designed box added a nice touch. The securely wrapped glasses, unveiling one by one, felt like unwrapping Christmas presents. I love it and will definitely return!",Fast delivery and excellent packaging!,5,GB
2023-11-23,Client Service,"Great sales person

Delivery super efficient and quick

I'm sad that on two napkins, the fabric had some pulled threads.",Great sales person,5,FR
2023-11-20,JayneAdams,"Excellent quick delivery, very well packaged",Excellent quick delivery,5,GB
2023-11-20,Marsha Bernstein,"Received my order in a timely manner, packed well, good communication from you and love what you carry!!",Received my order in a timely manner,5,US
2023-11-12,Jiamin Qiao,We love the crystal Waterford beer glasses. They are so beautiful! The gifts box designed by ABASK is so stunning and beautiful as Well!,We love the beautiful Waterford beer glasses!!,5,US
2023-11-09,Elizabeth,Beautiful products.  Tremendous customer service.  Perfect experience.,Beautiful products,5,US
2023-11-07, Holly Belasco,Friendly and helpful customer service! Brand selection unavailable elsewhere in the UK.,Friendly and helpful customer service,5,GB
2023-10-29,naomi knight,"Wonderful, unique and creative products created by brilliant artisans. ABASK is a refreshing company, they posted the gift item in the most beautiful box and sent a follow up email asking if everything was OK and notes on how to take care of the product. My friend loved her gift and said that she will keep the box forever.",Fantastic compnay,5,GB
2023-10-29,barbara grigsby,"I am a high-end residential designer in Rancho Santa Fe, Ca. It was my first time shopping on Abask and I made a mistake when tying to check out at my trade price for my purchases. After contacting them to let them know what I did, Maria at Abask immediately responded and reassured me they would take care of my mistake. That is exactly what she did! Not only that, she gave me helpful tips about receiving my packages from the UK and constantly kept me updated...she was absolutely awesome!!! All the packages arrived in beautiful and careful packaging.
I look forward to shopping with Abask (and Maria), for all of my projects.
Thank you Maria and thank you Abask!!",I am a high-end residential designer in…,5,US
2023-10-28,Maria Pinto,Still have not received my order!!!,Still have not received my order!!!,1,US
2023-10-27,JSL customer,"I am so inspired by the stories of the makers of the products on ABASK.com.  Also, the items were wrapped beautifully in a gorgeous gift box.",Inspired,5,US
2023-10-26,Tasnim Davies,"The most beautifully packaged exceptional piece arrived, and the customer service just fab.",Beautiful pieces.,5,GB
2023-10-23,Interior Designer,"Beautiful product. Stellar packaging that was a joy to receive/open, and protected the delicate product very well. A customer service representative reached out to ask about our experience with the product after its arrival. Overall, Abask goes above and beyond.",Beautiful product,5,US
2023-10-21,Alice Vickers,Impressed with the service. Emailed a question before I ordered and got a quick response with photos. Ordered my item (which was at a great price compared to other websites!) and it arrived quickly. The packaging was exquisite also - made a beautiful gift presentation. Highly recommend ABASK!,Impressed with the service!,5,US
2023-10-20,JC,"A beautiful shop—seamless shopping experience and lovely service too—prompt, very nice packaging and lovely note. I appreciate all this. ABASK sets the new mark for online commerce. Will shop there again.",A beautiful shop—seamless shopping…,5,SG
2023-10-15,Miss A Harper,Came beautifully packaged and they are exactly as expected from photos: gorgeous.,Came beautifully packaged and they are…,5,GB
2023-10-15,Sue Brakovich,Great service,Great service. Love my purchase,5,US
2023-10-14,Ann de Zegher,Good present 🎁 delivery 🚚!,Good present 🎁 delivery 🚚!,5,NL
2023-10-13,Ellen,Great selections and quick delivery,Great selections and quick delivery,5,US
2023-10-09,G P,Excellent service and gift beautifully presented.,Excellent service and gift beautifully…,5,GB
2023-10-09,Joseph Carlucci,"Amazing experience overall!  From the communication before, during and after the purchase to the beautiful personalized packing - I was thoroughly impressed!",Amazing experience overall,5,US
2023-10-08,Campbell Baird  III,"Beautiful glass piece, well protected for shipment..timely arrival.",Beautiful glass piece,4,US
2023-10-01,"Anna,Chaplinskaya",Thorough customer service and packaging of the item. High level of quality,Thorough customer service and packaging…,5,US
2023-09-26,Jean Jeanie,Perfect arriving good time in perfect condition,Perfect arriving good time in perfect…,5,GB
2023-09-25,Graham ,The mug is fine,No problems,4,GB
2023-09-23,Customer,"The customer service representative immediately contacted me regarding a few questions I had before making a purchase. All of my questions were thoroughly answered. The item I purchased not only arrived quickly, but I had made a similar purchase for the same item (just smaller) at another store and the item was more expensive even though it was smaller and took several weeks to be delivered. 
I was completely satisfied when the item arrived!",A wonderful shopping experience,5,US
2023-09-22,L Rundle,"Efficient service, punctual & beautifully wrapped product.",Efficient service,5,MY
2023-09-22,Joseph Kavanagh,the product was excellent. the package was initially delayed at customs. no fault there. but then it was not delivered for 2 more days. after numerous phone calls I had to pick up the package at an out of the way place.,the product was excellent,4,US
2023-09-21,Flic,"I was looking to replace a broken Carlo Moretti water glass.  These are all individually hand-blown and not cheap.  Abask offered me a choice, fairly priced; processed my order promptly; sent the item free of postage; and packed it extremely well (as well as elegantly).",Luxury service for luxury item,5,GB
2023-09-18,EJ,5 stars all day! Great product. Great service. The packaging was even beautiful.,5 stars all day,5,US
2023-09-15,Liam Norris,Lovely products always beautifully boxed,Lovely products always beautifully boxed,5,GB
2023-09-15,Luke,Good experience,Good experience,5,US
2023-09-14,Pat  Williamson ,The item I ordered is gorgeous. It arrived beautifully wrapped and boxed within 48 hours. Excellent attention to detail.,The item I ordered is gorgeous,5,GB
2023-09-14,Paul mac,Delivery time is rubbish just be honest with people,Delivery time is rubbish just be honest…,1,GB
2023-09-10,Russ B,Received on time and with excellent packaging.,Excellent service,5,GB
2023-09-10,Amber,High quality hand-made products. Great curation. Great service. Will treasure our purchases.,High quality hand-made products,5,GB
2023-09-03,SARAH,Professional and careful packaging. Beautiful unique products and fast delivery with tracking service.,Fantastic products,5,US
2023-08-28,Teri Zumwalt,"For some reason, the company that was delivering my package was a little odd. I received several notices of attempted deliveries, which was puzzling. When I called, I had a terrible time with the online 'chat' format. I spoke with 2 different people, and finally was told I'd get the delivery that day. Nope! So, Abask customer service contacted me, and just like that, took care of the issue and my package was delivered. GREAT customer service! 2 follow up letters, too, to make sure I was happy with my order. I'm SO impressed with your company! I will purchase from you again because I know if there is an issue, it will be resolved. By the way, I LOVE my new Moretti glasses!",Excellent Customer Service! Love my purchase!,5,US
2023-08-27,MARTIN LACOUR,"Abask exceeded my expectations. The custom care and service from Mikhail was exceptional. He promptly answered question, sent me more pictures and information, and made purchasing a smooth transaction. The item was as described--beautiful.  Fast and very safe shipping in a keepsake quality bespoke box. I would love for them to offer more high quality and unique antique and vintage items like the malachite and bronze box I purchased.",Abask exceeded my expectations,5,US
2023-08-27,Frederick,"Excellent service! My order was delivered to my home in the US just two days after I placed it, and it was wrapped in a beautiful gift box.",Excellent service,5,US
2023-08-27,Carissa Janda,"Prompt delivery, my item arrived in a beautiful, reusable box. The photo album I ordered is incredible- excited to put wedding photos in.",Prompt delivery,5,US
2023-08-24,Globe Trotter & more...,Products as described; quick delivery; excellent packaging,Meeting expectations,5,NL
2023-08-20,Ms Frazer,"The item I purchased was not in stock and it took 3 days for someone to contact me, even though the shipping time was meant to be 1-2 days. Then it took another week to find out how soon the item could be dispatched. I even asked if there was an alternate in stock but that was never answered",The item I purchased was not in stock…,2,AU
2023-08-17,Guest,"The pieces are beautiful! But, that packaging,  the box is a piece of art on it own! Thank you!!",The pieces are beautiful,5,US
2023-08-10,Emma,I never received the item I ordered.,I never received the item I ordered.,1,US
2023-07-23,Glynis Leyshon,"Delivered as requested, beautifully packaged in box pretty enough to repurpose",Delivered as requested,5,CA
2023-07-20,Paul Parkinson,"Fantastic product selection, efficient speedy delivery.",Fantastic product selection,5,US
2023-07-16,Kit,Quick postage and items arrived as specified.,Quick postage and items arrived as…,5,AU
2023-07-15,B. Taylor,I had been looking high and low for a special gift and was able to locate it at Abask. Thank you!,"Quality, hard to find product and exceptional customer service",5,GB
2023-07-15,Lillian J,"Great quality, beautiful bowl and fast delivery.",Pottery & Poetry,5,DE
2023-07-13,Linda,Your business knows how to provide a stellar experience and presentation,Your business knows how to provide a…,5,US
2023-07-11,Qiwen Luo,It would be nice to have eco-friendly packaging options,It would be nice to have eco-friendly…,4,GB
2023-07-07,Earl Merkel,You did what you promised. It's rare these days.,You did what you promised,5,US
2023-06-29,JudyP,The Choosing Keeping notebooks are beautiful and well made. The tissue-wrapped notebooks were put into a lovely box that I’m now using. I plan to buy more!,Excellent notebooks and service,5,US
2023-06-23,Alexander Pineda,Exceeded my expectations and the packaging and presentation was as amazing!,Exceeded my expectations and the…,5,US
2023-06-19,Carl Olson,"Great experience- product was just as described, shipping was fast and very communicative.  The product I ordered was intended as a gift, and unfortunately, due to a miscommunication we ended up going a different route.  Abask was as fast, helpful, and responsive with the return as they were with the original order.  Will definitely keep them in mind for future purchases.",Great experience- product was just as…,5,US
2023-06-17,Yvonne Peacock,Good service,Quick delivery,5,GB
2023-06-17,Claire Stevens,"Fast delivery, beautiful shipping packages!! Can’t wait to order more.",Fast delivery and Beautiful Packaging,5,US
2023-06-17,Ari,Customer service was amazing and they went above and beyond to make sure my purchase was perfect and the gift was also perfect for my husband.,Customer service was amazing and they…,5,CA
2023-06-15,Anonym,Fast delivery and adorable packaging.,Fast delivery and adorable packaging.,5,DE
2023-06-10,Rachel Mishori Koffler,"Service was excellent and very attentive.
Totally on top of the orders we made, informed us very quickly of an issue with our order, took care of it ASAP and felt like they truly care that our shopping experience will be the best!",Service was excellent and very attentive,5,ES
2023-06-04,Kaito G,The gift box was amazing,The gift box was amazing,5,GB
2023-05-27,Alexandra,"Beautiful product and excellent customer service, thank you!",Beautiful product and excellent…,5,GB
2023-05-20,Kerry Moseley,"Speedy delivery and beautifully packaged,  will use again!",Speedy delivery and beautifully…,5,GB
2023-05-18,Cynthia Withers,Customer service excellent. Appreciated Loren letting me know shipment would be delayed slightly.,Customer service excellent,5,US
2023-05-17,Alex,We ordered some plates from here. They came quickly and in some of the best packaging I've seen. They were well wrapped and in a reusable box that we'll make use of.,Speedy service and well packaged,5,GB
2023-05-16,HJWright,Wonderful experience. The products are absolutely gorgeous. The packaging and quality of presentation outstanding. Delivery was seamless. A joy to shop with you. I will definitely return.,Wonderful experience,5,US
2023-05-13,christine alford,Great international shipping costs. Beautifully packaged,Great international shipping costs,5,NZ
